LogID,NumPages,GoogleAccesses,WikiAccesses,NumWords
1,5,1,0,0
10,15,8,0,0
100,156,27,2,0
1000,100,25,0,0
1001,140,38,0,0
1002,126,32,0,0
1003,92,32,0,0
1004,96,19,0,0
1005,150,28,0,0
1006,70,34,0,0
1007,266,102,1,0
1008,156,18,0,0
1009,146,20,0,0
101,75,27,0,0
1010,104,30,2,0
1011,123,24,0,0
1012,90,28,0,0
102,158,35,0,0
103,121,25,0,0
104,96,22,0,0
105,158,41,2,0
106,67,51,0,0
1063,9,4,0,0
1064,134,19,0,0
1065,125,43,0,0
1066,10,1,0,0
1067,16,8,0,0
1068,14,9,0,0
1069,3,2,0,0
107,57,11,1,0
1070,8,0,0,0
1071,13,0,0,0
1072,114,41,0,0
1073,106,17,0,0
1075,1,0,0,0
1076,8,2,0,0
1077,100,21,0,0
1079,2,2,0,0
108,66,6,6,0
1080,98,18,0,0
1081,102,7,0,0
1082,82,12,0,0
1083,95,20,1,0
1084,33,11,0,0
1085,209,31,4,0
1087,91,5,0,0
1088,98,10,0,0
1089,137,21,0,0
109,72,10,0,0
1090,128,29,0,0
1091,85,34,0,0
1092,2,1,0,0
1093,70,5,0,0
1096,36,11,0,0
1099,105,20,0,0
11,4,0,0,0
110,83,27,0,0
1100,5,0,0,0
1103,90,19,0,0
1106,80,17,0,0
1109,6,5,0,0
111,79,23,0,0
1110,46,22,2,0
1112,1,0,0,0
1113,86,22,0,0
1114,2,0,0,0
1115,9,6,0,0
1116,8,0,0,0
1117,2,0,0,0
1118,185,42,0,0
1119,2,0,0,0
112,145,49,4,0
1120,4,1,0,0
1122,118,9,0,0
1123,123,35,0,0
1124,2,0,0,0
1126,72,29,0,0
1127,3,0,0,0
1129,9,1,0,0
113,164,27,0,0
1130,12,0,0,0
1132,3,0,0,0
1137,2,0,0,0
114,86,9,10,0
1140,2,1,0,0
1141,111,19,0,0
1142,10,6,0,0
1143,4,1,0,0
1144,186,30,0,0
1145,5,0,0,0
1146,19,11,0,0
1147,28,17,0,0
1148,19,10,0,0
115,70,8,0,0
1150,6,3,0,0
1151,25,15,0,0
1153,142,6,0,0
1154,48,25,0,0
1155,31,19,0,0
1156,30,10,0,0
1157,28,17,0,0
1158,18,9,0,0
1159,28,8,0,0
116,77,19,0,0
1160,31,13,0,0
1161,2,0,0,0
1163,19,7,0,0
1164,15,8,0,0
1165,1,0,0,0
1166,18,14,0,0
1167,19,13,0,0
1168,32,17,0,0
1169,18,8,0,0
117,43,25,3,0
1170,164,69,0,0
1171,26,12,0,0
1172,43,16,0,0
1174,36,15,0,0
1175,23,11,0,0
1176,37,16,3,0
1177,30,15,1,0
1178,30,14,0,0
1179,35,22,0,0
118,155,36,0,0
1180,32,17,0,0
1181,18,8,0,0
1182,35,18,0,0
1183,32,9,0,0
1184,32,9,0,0
1185,45,23,2,0
1186,58,11,0,0
1187,25,7,0,0
1189,24,7,0,0
119,91,14,0,0
1190,27,10,0,0
1192,22,10,0,0
1194,14,8,0,0
1195,1,0,0,0
1196,53,12,3,0
1198,66,12,2,0
1199,77,14,0,0
12,24,14,0,0
120,3,1,0,0
1200,5,0,4,0
1201,137,33,3,0
1202,53,18,0,0
1203,60,11,2,0
1204,101,28,2,0
1205,118,34,3,0
1206,168,26,3,0
1207,107,20,1,0
1208,37,18,3,0
1209,361,78,8,0
1210,312,60,13,0
1211,52,26,0,0
1212,160,44,5,0
1213,41,4,1,0
1214,291,58,2,0
1215,107,38,5,0
1216,17,8,2,0
1217,128,39,0,0
1218,38,24,0,0
1219,130,32,0,0
122,131,12,0,0
1220,71,22,1,0
1221,143,71,0,0
1222,65,7,1,0
1223,71,23,5,0
1224,70,17,3,0
1226,117,28,6,0
1227,20,9,3,0
1228,187,9,12,0
1229,47,22,0,0
123,100,27,0,0
1230,74,15,2,0
1231,35,15,6,0
1232,109,45,3,0
1233,91,51,0,0
1234,149,46,0,0
1235,22,11,0,0
1236,95,18,0,0
1237,169,24,2,0
1238,130,32,0,0
1239,28,15,0,0
124,45,11,3,0
1240,146,27,2,0
1242,87,18,5,0
1243,211,31,0,0
1244,95,39,0,0
1246,25,10,0,0
1247,2,0,0,0
1248,75,15,2,0
1249,4,1,0,0
125,98,18,3,0
1250,1,0,0,0
1251,32,13,0,0
1252,78,32,1,0
1253,20,11,0,0
1254,57,16,2,0
1255,17,0,0,0
1256,157,102,1,0
1257,195,33,0,0
1258,122,17,0,0
1259,95,22,0,0
126,130,15,0,0
1260,133,25,0,0
1261,105,19,0,0
1262,98,31,0,0
1263,57,12,0,0
1264,97,6,0,0
1265,205,28,0,0
1266,132,37,0,0
1267,116,27,0,0
1268,105,20,0,0
1269,152,19,0,0
127,1,0,0,0
1270,130,32,0,0
1271,162,49,0,0
1272,138,27,0,0
1273,79,9,0,0
1274,103,28,0,0
1275,51,13,0,0
1276,87,7,0,0
1277,60,10,0,0
1278,143,17,0,0
1279,31,7,0,0
128,51,43,0,0
1280,1,0,0,0
1281,119,3,0,0
1284,128,27,0,0
1286,91,5,0,0
1289,105,17,0,0
129,89,25,0,0
1291,124,0,0,0
1292,171,0,0,0
1294,168,9,0,0
1295,179,3,0,0
1296,141,21,0,0
1298,121,1,0,0
1299,67,8,0,0
13,41,3,0,0
130,59,12,1,0
1300,319,1,0,0
1301,100,0,0,0
1302,115,1,0,0
1303,129,3,0,0
1304,79,10,0,0
1306,2,0,0,0
1307,86,1,0,0
1308,38,1,0,0
131,105,11,0,0
1310,144,11,0,0
1311,130,3,0,0
1312,87,0,0,0
1314,133,7,0,0
1315,63,1,0,0
1316,132,0,0,0
1317,26,1,0,0
1318,3,1,0,0
1319,119,5,0,0
132,158,35,1,0
1320,90,6,0,0
1321,24,9,0,0
1322,140,42,0,0
1323,88,1,0,0
1324,72,8,0,0
1326,112,3,0,0
1327,62,13,0,0
1328,85,6,0,0
1329,108,15,0,0
133,276,39,0,0
1330,4,0,0,0
1331,82,20,0,0
1332,85,3,0,0
1333,113,1,0,0
1334,2,0,0,0
1335,80,23,0,0
1336,3,1,0,0
1337,22,8,0,0
1339,42,1,0,0
134,153,35,0,0
1340,19,1,1,0
1341,6,2,0,0
1342,3,0,0,0
1343,87,6,0,0
1344,151,1,0,0
1345,113,16,0,0
1346,91,6,0,0
1347,98,22,0,0
1348,126,18,1,0
1349,2,0,0,0
135,364,86,0,0
1350,3,0,0,0
1354,5,0,0,0
1356,3,0,0,0
1357,258,80,0,0
136,268,57,0,0
1360,6,0,0,0
1363,1,0,0,0
1364,100,21,2,0
1365,1,0,0,0
1366,4,1,0,0
1367,12,2,0,0
1368,2,0,0,0
1369,4,0,0,0
1370,13,6,0,0
1371,8,4,0,0
1372,32,15,0,0
1373,7,2,0,0
1374,4,0,0,0
1375,28,12,0,0
1377,40,17,0,0
1378,17,6,0,0
1379,16,4,0,0
1380,9,5,0,0
1381,20,11,0,0
1382,17,7,0,0
1383,34,13,6,0
1384,15,0,0,0
1385,30,14,0,0
1386,9,4,0,0
1387,42,18,0,0
1388,16,6,0,0
1389,94,28,1,0
139,122,25,2,0
1390,1,0,0,0
1392,28,12,0,0
1393,31,9,0,0
1394,133,35,0,0
1395,11,7,0,0
1396,39,8,0,0
1397,14,8,1,0
1398,18,7,0,0
1399,39,8,0,0
14,40,14,0,0
140,65,7,2,0
1400,20,14,0,0
1401,29,13,0,0
1402,20,2,0,0
1403,10,4,1,0
1404,12,3,0,0
1405,39,17,0,0
1406,24,13,0,0
1407,3,1,0,0
1408,40,14,0,0
1409,2,1,0,0
1410,32,12,0,0
1411,41,15,0,0
1412,8,3,1,0
1413,10,5,0,0
1414,13,7,0,0
1415,155,9,0,0
1416,397,57,0,0
1417,7,2,0,0
1418,9,5,0,0
1419,24,17,0,0
142,154,25,0,0
1420,12,6,0,0
1421,46,23,0,0
1422,9,5,0,0
1423,23,20,0,0
1424,163,33,0,0
1425,6,2,0,0
1426,115,7,0,0
1427,6,3,0,0
1428,24,12,0,0
1429,25,9,0,0
143,81,15,0,0
1430,16,10,0,0
1431,1,0,0,0
1432,37,14,1,0
1433,18,10,0,0
1435,19,8,8,0
1436,9,6,0,0
1437,24,6,2,0
1438,47,9,0,0
1439,34,16,3,0
144,2,1,0,0
1440,32,14,0,0
1441,21,4,0,0
1443,124,28,0,0
1444,169,10,0,0
1445,15,6,0,0
1446,12,8,0,0
1447,90,9,0,0
1448,3,1,0,0
1449,16,6,0,0
1450,46,4,0,0
1451,2,0,0,0
1452,15,5,0,0
1453,32,17,0,0
1454,136,6,0,0
1455,8,1,0,0
1456,207,30,1,0
1457,4,0,0,0
1458,42,11,0,0
1459,25,14,0,0
146,1,1,0,0
1460,32,11,0,0
1461,2,1,0,0
1462,27,18,4,0
1463,16,9,1,0
1464,24,6,0,0
1465,25,9,4,0
1466,81,10,0,0
1467,46,25,0,0
1468,30,13,1,0
147,2,1,0,0
1470,2,0,0,0
1471,417,102,1,0
1472,44,9,1,0
1473,89,10,0,0
1474,110,61,5,0
1475,100,16,3,0
1476,238,27,2,0
1477,62,33,8,0
1478,192,45,4,0
1479,186,44,0,0
148,2,1,0,0
1480,36,11,0,0
1481,164,18,1,0
1482,158,17,4,0
1483,174,43,2,0
1484,105,29,4,0
1485,172,11,0,0
1486,239,59,0,0
1487,270,7,3,0
1488,109,4,0,0
1489,208,38,1,0
149,85,25,0,0
1490,130,7,0,0
1491,253,31,10,0
1492,118,12,2,0
1493,101,9,2,0
1494,210,20,3,0
1495,98,10,5,0
1496,150,10,2,0
1497,140,20,0,0
1498,125,7,3,0
1499,131,13,5,0
15,48,9,0,0
150,112,8,0,0
1500,257,60,0,0
1501,154,16,1,0
1502,99,12,6,0
1503,196,19,0,0
1504,276,121,3,0
1505,155,41,0,0
1506,173,33,2,0
1507,70,14,9,0
1508,142,9,0,0
1509,343,60,1,0
151,23,16,0,0
1510,14,4,1,0
1511,135,19,0,0
1512,207,8,0,0
1513,117,7,4,0
1514,91,30,0,0
1515,162,8,0,0
1516,188,12,10,0
1517,238,27,2,0
1518,9,0,0,0
1519,3,0,0,0
152,3,1,0,0
1520,99,9,12,0
1523,358,98,0,0
1524,209,38,10,0
1525,23,13,0,0
1526,252,128,0,0
1527,27,7,1,0
1528,262,116,0,0
1529,61,17,0,0
153,163,61,0,0
1530,241,101,0,0
1532,67,15,0,0
1533,199,92,1,0
1534,286,85,1,0
1535,82,45,2,0
1536,92,15,0,0
1538,187,61,0,0
1540,191,84,4,0
1541,383,186,2,0
1542,37,8,1,0
1545,42,16,0,0
1546,134,46,4,0
1547,79,35,0,0
1548,190,63,5,0
155,188,37,0,0
1550,91,34,0,0
1551,60,26,1,0
1552,141,26,1,0
1553,3,0,0,0
1554,136,40,0,0
1555,56,18,0,0
1556,59,17,0,0
1558,32,9,0,0
1559,102,68,0,0
156,230,22,0,0
1561,1,0,0,0
1562,5,5,0,0
1563,3,2,0,0
1566,49,19,0,0
1568,69,46,2,0
1569,12,1,0,0
157,105,14,1,0
1570,18,7,0,0
1571,38,25,0,0
1572,1,0,0,0
1573,40,4,0,0
1574,47,20,0,0
1575,7,5,0,0
1576,7,6,0,0
1578,37,22,0,0
158,78,3,2,0
1581,298,18,0,0
1584,91,65,0,0
1585,60,22,0,0
1588,38,5,0,0
1589,71,6,0,0
159,94,8,0,0
1591,67,31,0,0
1595,3,0,0,0
1596,4,0,0,0
1598,235,95,0,0
16,21,3,0,0
160,85,11,0,0
1600,8,3,0,0
1601,264,38,0,0
1602,3,0,0,0
1603,11,8,0,0
1604,6,1,0,0
1605,96,14,0,0
1606,27,10,0,0
1607,3,0,0,0
1608,100,30,0,0
1609,163,2,0,0
161,85,15,0,0
1610,186,42,0,0
1612,22,13,0,0
1613,4,0,0,0
1614,60,10,0,0
1615,43,38,0,0
1616,19,8,0,0
1617,7,0,0,0
1619,8,0,0,0
162,84,7,1,0
1620,5,1,0,0
1621,46,0,0,0
1622,9,0,0,0
1623,31,21,0,0
1624,9,2,0,0
1625,8,0,0,0
1626,440,125,0,0
1627,24,5,0,0
1629,29,1,0,0
163,57,45,0,0
1630,18,12,0,0
1631,109,21,0,0
1632,110,36,0,0
1634,121,59,0,0
1635,15,0,0,0
1636,10,0,0,0
1637,93,32,1,0
1638,7,0,0,0
164,91,14,0,0
1643,138,40,0,0
1644,22,7,0,0
1645,64,24,0,0
1646,28,11,0,0
1647,2,0,0,0
1648,258,92,0,0
1649,1,0,0,0
165,80,20,4,0
1650,19,6,0,0
1651,2,1,0,0
1652,16,6,0,0
1654,121,16,0,0
1655,39,33,0,0
1656,81,46,0,0
1657,44,18,0,0
1658,20,9,0,0
1659,15,4,0,0
166,101,20,0,0
1660,165,70,0,0
1661,75,31,0,0
1662,215,71,2,0
1663,124,57,0,0
1665,52,21,0,0
1666,38,10,0,0
1667,11,6,0,0
1668,259,110,8,0
1669,151,57,3,0
167,72,11,0,0
1670,24,0,0,0
1671,299,139,2,0
1672,151,11,0,0
1673,175,53,8,0
1674,225,64,0,0
1675,225,95,0,0
1676,87,8,0,0
1677,281,60,3,0
1678,80,25,0,0
1679,27,0,0,0
168,151,24,0,0
1680,96,0,0,0
1681,83,0,0,0
1682,391,161,6,0
1683,184,54,5,0
1684,59,28,1,0
1685,62,0,0,0
1686,58,0,0,0
1687,5,0,0,0
1688,187,24,0,0
1689,179,49,0,0
169,154,15,0,0
1690,10,7,0,0
1691,23,1,0,0
1692,30,13,1,0
1693,4,0,0,0
1694,7,0,0,0
1696,26,5,0,0
1697,8,0,0,0
1698,114,48,0,0
1699,9,0,0,0
17,59,13,3,0
170,143,23,1,0
1701,2,0,0,0
1702,111,22,0,0
1703,5,1,0,0
1704,4,0,0,0
1705,48,4,0,0
1706,37,1,0,0
1707,41,8,0,0
1708,17,0,0,0
1709,32,4,0,0
171,84,10,0,0
1710,52,5,0,0
1711,19,0,0,0
1712,33,11,0,0
1713,36,5,0,0
1715,455,206,2,0
1716,107,2,0,0
1717,304,91,1,0
1718,37,4,0,0
1719,211,76,0,0
1720,293,94,0,0
1721,396,99,0,0
1722,130,32,1,0
1723,159,28,0,0
1724,163,54,1,0
1725,176,67,0,0
1726,72,6,0,0
1727,22,2,0,0
1728,18,0,0,0
1729,186,65,7,0
173,19,6,0,0
1730,41,0,0,0
1731,23,0,0,0
1732,48,9,0,0
1733,31,4,0,0
1734,32,3,0,0
1735,35,3,0,0
1736,88,2,0,0
1737,51,8,0,0
1738,203,67,0,0
1739,60,9,0,0
174,75,15,0,0
1740,10,0,0,0
1741,11,0,0,0
1742,37,3,0,0
1743,30,3,0,0
1744,26,0,0,0
1745,26,0,0,0
1746,33,4,0,0
1747,30,5,0,0
1748,248,73,0,0
1749,138,65,6,0
175,132,38,1,0
1750,38,10,0,0
1751,347,100,2,0
1752,25,0,0,0
1753,239,92,4,0
1754,325,135,8,0
1755,167,54,2,0
1756,17,0,0,0
1757,145,0,0,0
1758,89,0,0,0
1759,49,3,0,0
176,65,9,0,0
1760,170,35,6,0
1761,93,0,0,0
1762,14,0,0,0
1763,72,0,0,0
1764,111,1,0,0
1765,213,78,1,0
1766,145,35,0,0
1767,91,1,0,0
1768,4,0,0,0
1769,40,0,0,0
177,51,9,0,0
1770,157,47,2,0
1771,11,0,0,0
1772,34,7,0,0
1773,27,0,0,0
1774,11,0,0,0
1775,56,2,0,0
1776,282,126,0,0
1777,99,1,0,0
1778,19,3,0,0
1779,108,0,0,0
178,116,36,2,0
1780,121,33,0,0
1781,183,77,2,0
1782,276,103,0,0
1783,26,0,0,0
1784,10,0,0,0
1785,57,12,0,0
1786,17,0,0,0
1787,64,0,0,0
1788,150,35,0,0
1789,201,81,0,0
179,116,14,0,0
1790,74,0,0,0
1791,123,38,0,0
1792,143,71,1,0
1793,25,0,0,0
1794,32,0,0,0
1795,269,145,5,0
1796,52,0,0,0
1797,192,38,16,0
1798,30,0,0,0
1799,176,36,0,0
18,41,6,4,0
180,63,18,0,0
1800,39,0,0,0
1801,40,1,0,0
1802,114,26,0,0
1803,279,166,0,0
1804,22,0,0,0
1805,77,15,0,0
1806,316,190,0,0
1807,41,1,0,0
1808,65,0,0,0
1809,57,14,0,0
181,51,6,0,0
1810,4,0,0,0
1811,62,6,0,0
1812,109,0,0,0
1813,94,1,0,0
1814,104,15,0,0
1815,29,0,0,0
1816,255,68,0,0
1817,237,48,0,0
1818,43,0,0,0
1819,23,0,0,0
182,12,7,0,0
1820,12,0,0,0
1821,29,0,0,0
1822,34,0,0,0
1823,119,1,0,0
1824,79,6,0,0
1825,50,9,0,0
1826,77,0,0,0
1827,242,115,0,0
1828,121,22,0,0
1829,34,0,0,0
183,69,4,0,0
1830,110,3,0,0
1831,410,85,24,0
1832,87,23,0,0
1833,40,14,0,0
1834,257,57,2,0
1835,342,119,2,0
1836,281,42,67,0
1837,409,132,3,0
1838,223,63,0,0
1839,109,13,0,0
184,67,14,0,0
1840,121,15,0,0
1841,42,13,0,0
1842,27,0,0,0
1843,211,52,0,0
1844,443,89,0,0
1845,32,0,0,0
1846,240,28,3,0
1847,257,89,3,0
1848,53,3,0,0
1849,362,118,10,0
185,102,7,0,0
1850,11,0,0,0
1851,397,143,4,0
1852,67,38,0,0
1853,136,35,0,0
1854,219,85,0,0
1855,83,5,0,0
1856,66,0,0,0
1857,158,36,1,0
1858,172,69,4,0
1859,26,0,0,0
186,37,4,0,0
1860,293,127,0,0
1861,118,29,0,0
1862,13,0,0,0
1863,203,82,0,0
1864,170,74,0,0
1865,133,51,0,0
1868,193,71,0,0
1870,252,90,2,0
1871,2,0,0,0
1872,11,0,0,0
1873,91,49,0,0
1874,149,64,0,0
1875,430,125,1,0
1876,30,0,0,0
1877,82,0,0,0
1878,200,50,0,0
1879,331,135,0,0
188,201,49,3,0
1880,224,73,1,0
1881,550,151,0,0
1882,208,83,0,0
1883,164,78,0,0
1884,197,74,0,0
1885,105,48,2,0
1886,15,0,0,0
1887,15,0,0,0
1888,158,53,0,0
1889,236,90,0,0
189,79,11,1,0
1890,108,19,0,0
1891,13,0,0,0
1892,278,70,2,0
1893,15,0,0,0
1894,13,0,0,0
1895,14,1,0,0
1896,18,0,0,0
1897,38,0,0,0
1898,133,32,0,0
19,68,7,1,0
190,119,9,0,0
1900,26,0,0,0
1901,298,77,0,0
1902,10,0,0,0
1903,124,21,0,0
1904,209,32,0,0
1905,19,0,0,0
1906,227,27,0,0
1907,17,1,0,0
1908,17,0,0,0
1909,15,0,0,0
191,95,16,0,0
1912,257,55,0,0
1914,24,0,0,0
1917,2,0,0,0
1919,23,0,0,0
192,74,19,0,0
1920,17,0,0,0
1921,153,29,1,0
1923,70,0,0,0
1924,118,1,0,0
1926,30,4,0,0
1928,34,0,0,0
1929,12,0,0,0
1930,92,18,0,0
1932,284,70,0,0
1934,67,0,0,0
194,160,71,0,0
1940,21,2,0,0
195,129,11,0,0
1957,395,118,1,0
196,94,11,0,0
1963,14,0,0,0
1976,12,3,0,0
198,3,1,0,0
1980,244,133,1,0
1985,14,1,0,0
1989,134,8,0,0
2,1,0,0,0
20,206,44,0,0
200,179,19,0,0
2002,2,0,0,0
2004,178,18,0,0
2005,276,146,2,0
2006,199,31,0,0
2008,133,32,0,0
2009,164,20,3,0
201,128,54,0,0
2012,231,72,0,0
2013,112,31,0,0
2014,61,5,0,0
2018,265,90,4,0
202,216,84,0,0
2021,166,50,5,0
2022,9,0,0,0
2026,249,140,2,0
2028,310,152,4,0
2029,148,12,0,0
203,35,19,0,0
2030,140,36,0,0
2031,31,2,0,0
2032,518,172,5,0
2033,18,0,0,0
2034,29,0,0,0
2035,61,3,0,0
2036,2,0,0,0
2037,547,304,6,0
2038,53,30,0,0
2039,78,10,5,0
204,1,0,0,0
2040,13,0,0,0
2041,13,0,0,0
2042,23,0,0,0
2043,19,0,0,0
2044,182,21,0,0
2045,98,7,0,0
2047,1,0,0,0
2048,125,14,0,0
2049,277,94,0,0
2051,32,9,0,0
2052,157,32,1,0
2053,74,0,0,0
2054,32,0,0,0
2056,83,26,0,0
2057,268,46,0,0
2059,25,5,0,0
206,241,101,1,0
2060,281,100,0,0
2062,3,0,0,0
2063,143,25,0,0
2064,168,90,0,0
2066,57,9,0,0
2067,48,8,0,0
2068,155,79,1,0
2069,22,1,0,0
207,38,21,0,0
2073,2,0,0,0
2074,28,0,0,0
2077,2,0,0,0
2078,213,62,0,0
2079,12,5,0,0
208,114,33,6,0
2081,9,0,0,0
2083,11,0,0,0
2084,405,182,5,0
2085,137,33,1,0
2086,164,25,1,0
2088,73,24,0,0
2089,129,14,0,0
209,181,85,2,0
2090,5,0,0,0
2092,208,51,0,0
2094,115,42,0,0
2095,35,2,0,0
2096,1,0,0,0
2099,63,13,0,0
21,50,10,2,0
210,34,18,0,0
2102,162,23,0,0
2103,283,64,0,0
2105,64,34,0,0
2108,121,22,1,0
211,140,47,2,0
2110,37,12,0,0
2111,63,13,0,0
2118,43,20,0,0
2119,40,11,0,0
212,93,25,2,0
2120,54,13,0,0
2121,64,18,0,0
2122,16,0,0,0
2125,241,33,0,0
2127,158,9,0,0
2128,10,0,0,0
213,44,16,0,0
2131,4,0,0,0
2136,32,0,0,0
2139,76,29,0,0
214,52,13,0,0
2140,130,23,0,0
2141,147,53,0,0
2143,1,0,0,0
2148,3,0,0,0
215,68,34,0,0
2150,36,9,0,0
2155,87,59,2,0
2159,45,3,0,0
216,168,55,2,0
2163,3,0,0,0
2165,90,61,0,0
2166,1,0,0,0
2169,127,17,0,0
217,196,55,1,0
2170,88,3,0,0
2176,19,4,0,0
218,78,37,0,0
2183,3,0,0,0
2184,3,0,0,0
2188,10,0,0,0
2189,2,0,0,0
219,134,43,0,0
2192,57,22,0,0
2193,4,0,0,0
2198,259,91,5,0
2199,28,1,0,0
22,172,41,3,0
220,221,75,0,0
2200,277,71,1,0
2201,14,0,0,0
2202,27,0,0,0
2203,243,84,4,0
2204,106,46,0,0
2205,123,54,0,0
2208,108,14,0,0
2209,4,0,0,0
221,145,41,0,0
2210,151,33,2,0
2211,106,42,0,0
2212,192,33,0,0
2214,191,67,3,0
2215,217,120,1,0
2216,164,58,0,0
2217,67,3,0,0
2218,176,43,0,0
2219,183,59,0,0
222,66,35,2,0
2220,177,92,1,0
2221,273,84,0,0
2222,9,0,0,0
2223,22,0,0,0
2224,13,0,0,0
2225,8,0,0,0
2226,10,0,0,0
2227,17,0,0,0
2228,32,0,0,0
2229,15,0,0,0
223,104,20,0,0
2230,8,0,0,0
2231,23,0,0,0
2232,11,0,0,0
2233,22,0,0,0
2234,18,0,0,0
2235,11,0,0,0
2236,12,0,0,0
2237,8,1,0,0
2238,14,0,0,0
2239,10,0,0,0
224,105,23,0,0
2240,18,1,0,0
2241,37,0,0,0
2242,16,0,0,0
2243,34,0,0,0
2244,12,0,0,0
2245,20,5,0,0
2246,4,0,0,0
2247,21,0,0,0
2248,10,0,0,0
2249,5,0,0,0
2250,15,0,0,0
2251,55,1,0,0
2252,19,0,0,0
2253,35,0,0,0
2254,4,0,0,0
2255,7,0,0,0
2256,18,0,0,0
2257,31,0,0,0
2258,18,0,0,0
2259,108,24,5,0
226,126,37,0,0
2261,12,0,0,0
2262,26,0,0,0
2264,24,0,0,0
2265,3,0,0,0
2266,26,0,0,0
2267,6,0,0,0
227,226,63,0,0
2274,65,0,0,0
2276,5,0,0,0
2277,18,0,0,0
2278,101,10,0,0
2279,4,0,0,0
228,61,15,1,0
2283,128,3,0,0
2284,179,44,0,0
229,126,30,0,0
2294,152,39,0,0
2295,14,0,0,0
2298,98,29,0,0
2299,233,89,0,0
23,54,4,0,0
230,129,42,0,0
2300,11,0,0,0
2302,4,0,0,0
2303,306,97,0,0
2306,22,0,0,0
2307,340,74,20,0
2309,5,0,0,0
231,39,10,0,0
2311,322,103,0,0
2312,204,72,1,0
2315,44,0,0,0
2316,13,2,0,0
2317,39,4,0,0
2318,94,43,0,0
2319,163,1,0,0
232,31,11,0,0
2320,94,25,0,0
2321,96,0,0,0
2322,111,5,0,0
2323,21,3,0,0
2324,83,2,0,0
2325,127,1,0,0
2326,97,26,0,0
2327,91,3,0,0
2328,50,10,0,0
2329,4,0,0,0
233,1,0,0,0
2330,4,0,0,0
2331,41,0,0,0
2332,292,97,0,0
2333,325,79,0,0
2334,104,3,0,0
2335,99,19,0,0
2336,200,41,2,0
2337,255,84,2,0
2338,25,0,0,0
234,105,27,0,0
2340,7,0,0,0
2341,4,0,0,0
2342,128,21,0,0
2343,91,27,0,0
2344,5,0,0,0
2345,91,16,0,0
2346,47,19,2,0
2347,124,31,1,0
2348,91,17,0,0
2349,109,33,0,0
235,86,23,0,0
2350,151,21,0,0
2351,237,35,1,0
2352,134,9,0,0
2353,93,17,0,0
2354,297,66,7,0
2355,3,0,0,0
2356,91,4,0,0
2357,437,130,0,0
2358,326,84,0,0
2359,144,15,0,0
236,133,31,0,0
2360,151,32,0,0
2361,176,80,0,0
2362,44,7,0,0
2363,4,0,0,0
2364,138,39,0,0
2365,32,0,0,0
2366,23,0,0,0
2367,193,83,0,0
2368,143,18,0,0
2369,252,60,3,0
237,123,39,0,0
2370,119,14,0,0
2371,31,0,0,0
2372,133,7,0,0
2373,128,2,0,0
2374,250,42,0,0
2375,196,6,0,0
2377,43,1,0,0
2378,40,0,0,0
2379,99,5,1,0
238,190,74,0,0
2380,86,4,0,0
2381,99,18,0,0
2382,178,19,0,0
2383,237,63,0,0
2384,178,31,0,0
2385,17,0,0,0
2386,109,25,1,0
2387,268,9,0,0
2388,132,11,0,0
2389,130,44,0,0
239,178,42,0,0
2390,82,15,0,0
2391,41,3,0,0
2393,65,4,0,0
2394,57,9,1,0
2395,19,6,0,0
2396,82,25,0,0
2397,134,26,0,0
2398,83,0,0,0
2399,147,2,0,0
24,39,25,0,0
240,168,77,1,0
2400,149,34,1,0
2401,75,0,0,0
2402,116,3,0,0
2403,452,170,3,0
2404,236,30,0,0
2405,87,23,0,0
2406,200,59,0,0
2407,116,42,0,0
2408,135,15,0,0
2409,110,22,0,0
241,144,46,0,0
2410,309,115,1,0
2411,29,4,0,0
2412,206,3,0,0
2413,340,127,5,0
2414,168,73,1,0
2415,158,45,0,0
2416,209,64,2,0
2417,134,23,2,0
2418,188,88,2,0
2419,94,3,0,0
242,143,45,0,0
2420,110,0,0,0
2421,41,11,0,0
2422,116,19,0,0
2423,4,0,0,0
2424,122,42,0,0
2425,13,0,0,0
2426,15,0,0,0
2427,207,11,0,0
2428,123,43,0,0
2429,158,10,0,0
243,124,44,0,0
2430,72,17,0,0
2431,199,94,1,0
2432,223,17,0,0
2433,228,65,0,0
2434,183,64,0,0
2435,62,10,0,0
2436,110,17,0,0
2437,133,41,0,0
2438,3,0,0,0
2439,155,46,0,0
244,170,31,0,0
2440,124,12,0,0
2441,96,4,0,0
2442,203,37,0,0
2443,137,2,0,0
2444,378,123,0,0
2445,189,33,2,0
2446,507,112,1,0
2447,65,0,0,0
2448,198,59,0,0
2449,267,84,0,0
245,126,59,0,0
2450,146,13,0,0
2451,273,107,5,0
2452,283,69,0,0
2453,189,2,0,0
2454,120,0,0,0
2455,120,0,0,0
2456,64,0,0,0
2457,55,19,0,0
2458,23,1,0,0
2459,11,0,0,0
246,194,51,0,0
2460,41,1,0,0
2461,91,6,0,0
2462,2,0,0,0
2463,236,4,0,0
2464,162,15,0,0
2465,128,2,0,0
2466,128,7,0,0
2467,309,153,1,0
2468,140,5,0,0
2469,229,4,0,0
247,34,13,0,0
2470,142,18,0,0
2471,124,15,0,0
2472,9,0,0,0
2473,108,19,0,0
2474,130,19,0,0
2475,121,20,2,0
2476,128,4,0,0
2477,3,0,0,0
2478,4,1,0,0
2479,122,6,0,0
248,128,49,5,0
2480,53,3,0,0
2481,89,3,0,0
2482,118,4,0,0
2483,77,24,0,0
2484,154,4,0,0
2485,105,3,0,0
2486,35,1,0,0
2487,133,5,0,0
2488,57,7,0,0
2489,126,11,0,0
249,156,102,0,0
2490,106,16,0,0
2491,180,32,1,0
2492,210,33,0,0
2493,3,0,0,0
2494,132,13,2,0
2495,2,1,0,0
2496,195,5,0,0
2497,105,4,0,0
2498,321,67,0,0
2499,5,0,0,0
25,156,62,5,0
2500,4,0,0,0
2501,66,7,0,0
2502,153,2,0,0
2503,35,1,0,0
2504,19,0,0,0
2505,114,2,0,0
2506,10,0,0,0
2507,22,0,0,0
2508,4,0,0,0
2509,204,60,11,0
251,61,36,0,0
2510,4,0,0,0
2511,60,6,0,0
2512,122,25,0,0
2513,2,0,0,0
2514,32,0,0,0
2515,2,0,0,0
2516,15,7,1,0
2517,222,8,0,0
2518,281,102,0,0
2519,7,0,0,0
252,43,15,0,0
2520,3,0,0,0
2521,40,23,0,0
2522,19,9,0,0
2523,39,22,2,0
2524,21,12,0,0
2525,15,6,0,0
2526,42,5,0,0
2527,43,20,0,0
2528,21,9,0,0
2529,40,15,0,0
253,122,35,4,0
2530,25,8,0,0
2531,31,15,0,0
2532,275,131,0,0
2533,36,7,0,0
2534,15,5,0,0
2535,37,9,0,0
2536,30,10,0,0
2537,26,14,0,0
2538,39,6,0,0
2539,21,11,0,0
254,142,56,0,0
2540,40,15,0,0
2541,2,0,0,0
2542,38,17,0,0
2543,36,6,0,0
2544,453,152,1,0
2545,19,5,0,0
2546,23,9,3,0
2547,40,22,0,0
2548,34,13,0,0
2549,1,0,0,0
255,104,35,0,0
2550,31,13,0,0
2552,38,23,0,0
2553,17,9,0,0
2554,7,0,0,0
2557,11,0,0,0
256,70,38,0,0
2560,30,25,0,0
2561,32,14,0,0
2562,4,0,0,0
2563,91,36,1,0
2564,4,0,0,0
2565,31,8,0,0
2566,49,4,0,0
2567,1,0,0,0
2568,3,0,0,0
2569,167,72,1,0
257,112,31,0,0
2570,5,3,0,0
2571,35,16,1,0
2572,5,2,0,0
2573,1,0,0,0
2574,318,144,1,0
2575,76,54,0,0
2577,303,101,6,0
2578,37,3,0,0
2579,329,128,0,0
2580,172,66,5,0
2581,277,122,0,0
2582,304,176,3,0
2583,39,18,3,0
2584,16,8,0,0
2585,63,19,0,0
2586,370,226,0,0
2587,38,7,0,0
2588,193,90,2,0
2589,194,78,10,0
2590,324,147,1,0
2591,91,11,1,0
2592,39,7,2,0
2593,172,47,7,0
2595,91,13,12,0
2597,324,62,3,0
2598,183,117,0,0
2599,142,25,0,0
26,96,34,1,0
2600,25,8,0,0
2602,49,30,1,0
2603,45,24,0,0
2604,276,73,0,0
2605,71,37,0,0
2606,108,23,4,0
2607,36,23,0,0
2608,70,42,0,0
2609,58,32,6,0
2610,138,42,0,0
2611,55,26,0,0
2612,435,192,0,0
2613,46,22,0,0
2614,28,17,0,0
2615,230,15,16,0
2616,58,32,0,0
2617,37,26,2,0
2618,62,27,4,0
2619,136,23,2,0
2620,257,85,0,0
2621,139,26,2,0
2622,210,38,41,0
2623,30,21,9,0
2624,18,9,1,0
2625,82,52,0,0
2626,268,77,0,0
2627,111,36,0,0
2628,182,59,0,0
2629,155,60,0,0
2630,37,18,1,0
2631,59,31,8,0
2632,271,74,0,0
2633,179,48,2,0
2634,181,54,2,0
2635,40,18,0,0
2636,51,31,0,0
2637,165,41,0,0
2638,31,6,1,0
2639,56,33,0,0
2640,54,21,5,0
2641,140,44,1,0
2643,380,165,11,0
2646,4,0,0,0
2647,2,2,0,0
2649,198,74,0,0
2650,40,20,0,0
2652,45,13,1,0
2654,92,14,3,0
2655,33,16,0,0
2656,98,30,0,0
2658,41,8,1,0
2660,46,22,0,0
2662,104,11,0,0
2666,36,20,0,0
2667,24,12,0,0
2668,385,168,0,0
2669,44,19,0,0
2670,18,8,0,0
2671,31,16,0,0
2672,54,36,0,0
2673,2,1,0,0
2674,68,9,3,0
2675,23,6,0,0
2676,26,8,0,0
2677,196,58,1,0
2678,32,9,0,0
2679,166,61,2,0
2680,53,30,0,0
2681,10,5,0,0
2682,50,24,1,0
2683,39,14,0,0
2684,13,5,0,0
2685,167,55,2,0
2686,423,122,5,0
2687,223,53,1,0
2688,162,70,0,0
2689,32,19,0,0
2690,31,16,0,0
2691,219,74,0,0
2692,22,12,0,0
2693,73,44,0,0
2694,167,69,19,0
2695,31,26,0,0
2696,152,70,0,0
2697,40,12,0,0
2698,87,50,0,0
2699,51,26,0,0
27,90,13,0,0
2700,37,16,0,0
2702,36,18,0,0
2703,25,13,0,0
2704,42,17,0,0
2705,24,11,0,0
2706,21,11,0,0
2707,206,96,3,0
2709,12,5,0,0
2710,188,96,1,0
2711,455,241,1,0
2712,41,19,5,0
2713,14,7,0,0
2714,1,0,0,0
2718,35,20,0,0
2720,2,0,0,0
2721,19,7,0,0
2722,45,17,0,0
2723,30,21,0,0
2724,47,15,3,0
2726,5,0,0,0
2728,166,93,6,0
2729,1,0,0,0
2730,188,96,1,0
2733,71,34,0,0
2734,113,12,0,0
2735,1,0,0,0
2737,21,6,0,0
2738,239,130,0,0
2740,50,5,1,0
2741,149,49,0,0
2742,4,0,0,0
2743,271,164,0,0
2746,5,1,0,0
2747,177,55,9,0
2749,1,0,0,0
2750,9,6,0,0
2752,3,0,0,0
2753,4,0,0,0
2754,155,2,0,0
2755,6,0,0,0
2756,29,5,2,0
2757,59,9,0,0
2758,4,0,0,0
2759,4,0,0,0
2760,5,0,0,0
2761,198,6,0,0
2762,1,0,0,0
2763,47,0,0,0
2764,3,0,0,0
2767,68,1,0,0
2768,104,5,0,0
2769,4,0,0,0
2770,168,41,2,0
2771,160,12,0,0
2772,26,14,0,0
2773,4,0,0,0
2774,37,8,1,0
2775,110,10,0,0
2776,84,9,0,0
2777,197,31,0,0
2778,34,7,1,0
2780,88,10,0,0
2781,125,12,1,0
2783,117,6,0,0
2784,73,13,2,0
2785,106,9,4,0
2786,128,24,0,0
2787,100,30,0,0
2788,165,22,0,0
2789,131,11,3,0
2790,118,8,2,0
2791,35,3,1,0
2792,52,11,2,0
2793,140,17,1,0
2794,88,8,0,0
2795,68,3,1,0
2796,145,14,1,0
2797,107,11,2,0
2798,113,6,3,0
2799,211,17,1,0
28,149,22,0,0
2800,109,8,1,0
2802,124,11,0,0
2804,135,5,0,0
2805,120,18,2,0
2806,16,2,0,0
2807,156,15,1,0
2808,151,11,0,0
2809,61,7,1,0
2810,100,4,0,0
2811,99,13,2,0
2812,2,0,0,0
2813,175,16,1,0
2814,3,0,0,0
2815,58,9,0,0
2816,28,10,1,0
2817,46,8,1,0
2818,124,8,4,0
2819,95,11,2,0
2820,130,5,0,0
2821,114,5,1,0
2822,7,0,0,0
2823,26,16,0,0
2824,40,21,0,0
2825,95,33,0,0
2826,35,15,0,0
2827,34,24,0,0
2828,70,30,0,0
2830,48,29,0,0
2831,34,18,0,0
2832,24,11,0,0
2833,25,10,0,0
2834,62,44,0,0
2835,40,25,0,0
2885,199,109,0,0
2886,22,12,0,0
2887,45,15,0,0
2888,16,3,0,0
2890,33,22,1,0
2891,5,0,0,0
2892,152,24,1,0
2893,1,1,0,0
2894,20,12,0,0
2895,331,193,2,0
2896,145,67,1,0
2897,60,16,0,0
2898,62,41,0,0
2899,53,34,0,0
29,132,23,7,0
2900,42,27,0,0
2950,5,0,0,0
2951,4,0,0,0
2954,1,0,0,0
2955,36,14,1,0
2956,34,17,0,0
2957,40,22,0,0
2958,61,25,0,0
2959,48,23,1,0
2960,33,16,5,0
2961,48,20,2,0
2962,25,8,0,0
2963,38,19,0,0
2964,29,15,2,0
2965,67,28,3,0
2966,35,13,0,0
2968,198,28,0,0
2971,15,4,0,0
2973,22,10,0,0
2974,41,28,0,0
2976,18,7,0,0
2979,37,19,1,0
2981,59,31,1,0
2982,11,3,0,0
2983,12,7,0,0
2985,1,0,0,0
2987,7,3,0,0
2990,1,0,0,0
2991,1,0,0,0
2992,1,0,1,0
2997,1,0,0,0
3,604,42,0,0
30,81,17,2,0
3003,26,2,0,0
3006,1,0,0,0
3007,2,1,0,0
3009,52,26,2,0
3010,14,7,0,0
3011,5,1,0,0
3012,36,13,0,0
3013,4,0,0,0
3015,4,0,0,0
3017,2,0,0,0
3019,2,0,0,0
3021,2,0,0,0
3022,2,0,0,0
3023,2,0,0,0
3024,2,0,0,0
3030,68,0,0,0
3031,9,0,0,0
3032,78,0,0,0
3033,116,0,0,0
3034,175,0,0,0
3035,84,0,0,0
3036,48,17,0,0
3037,40,19,0,0
3038,30,17,0,0
3039,40,23,0,0
3040,24,11,0,0
3041,43,27,0,0
3042,36,16,0,0
3043,77,29,0,0
3044,48,32,0,0
3045,53,19,0,0
3046,54,26,0,0
3047,23,6,2,0
3048,76,35,0,0
3049,32,20,0,0
3050,30,17,0,0
3051,50,20,0,0
3052,65,31,0,0
3053,23,11,4,0
3054,69,32,0,0
3055,45,18,0,0
3056,42,33,0,0
3057,18,6,0,0
3058,37,24,0,0
3060,44,17,0,0
3061,41,16,0,0
3062,16,7,2,0
3065,51,32,0,0
3066,36,18,0,0
3067,48,22,0,0
3068,47,8,0,0
3069,41,11,0,0
3070,31,11,0,0
3071,35,22,0,0
3072,99,0,0,0
3073,14,5,2,0
3074,26,12,0,0
3075,25,10,0,0
3076,75,21,0,0
3078,28,7,0,0
3079,17,5,2,0
3080,58,17,0,0
3081,30,18,1,0
3083,26,9,0,0
3084,66,17,0,0
3085,5,0,0,0
3086,18,9,0,0
3087,23,10,0,0
3088,1,0,0,0
3089,20,9,0,0
3090,35,19,0,0
3091,26,6,1,0
3092,31,7,0,0
3093,29,11,0,0
3094,38,12,0,0
3095,26,10,0,0
3096,54,15,0,0
3097,22,4,0,0
3098,34,16,0,0
3099,30,13,0,0
31,134,28,1,0
3100,24,6,0,0
3102,32,12,0,0
3103,41,13,0,0
3104,48,14,0,0
3105,158,26,1,0
3106,26,8,0,0
3107,49,24,0,0
3108,53,31,0,0
3109,12,4,0,0
3110,19,7,2,0
3111,29,8,0,0
3112,32,10,0,0
3113,33,20,0,0
3115,85,36,0,0
3116,44,24,0,0
3117,19,8,0,0
3119,27,7,0,0
3120,25,9,0,0
3121,73,21,0,0
3122,38,18,0,0
3125,17,7,1,0
3126,42,17,0,0
3127,33,14,0,0
3128,38,17,0,0
3129,31,14,0,0
3130,6,0,0,0
3131,42,13,0,0
3132,23,10,0,0
3133,71,30,0,0
3134,27,14,1,0
3135,24,14,0,0
3136,22,12,1,0
3137,30,23,5,0
3138,19,12,0,0
3139,34,25,0,0
3140,212,17,0,0
3141,15,5,0,0
3142,45,14,0,0
3143,39,30,0,0
3144,32,17,1,0
3145,22,13,1,0
3146,34,23,0,0
3147,49,20,0,0
3149,24,12,3,0
3150,39,25,0,0
3151,82,21,0,0
3152,46,30,0,0
3153,112,51,0,0
3154,21,10,2,0
3155,4,0,0,0
3157,16,6,4,0
3158,100,28,0,0
3159,25,15,0,0
3160,48,18,0,0
3161,33,17,2,0
3162,14,4,0,0
3163,30,18,0,0
3164,31,24,0,0
3165,30,12,0,0
3166,37,25,0,0
3167,36,23,0,0
3168,15,6,0,0
3169,80,27,2,0
3170,46,17,0,0
3171,60,27,0,0
3172,43,21,0,0
3173,107,19,0,0
3174,24,13,0,0
3175,23,9,0,0
3176,24,14,1,0
3177,44,33,0,0
3178,26,13,0,0
3179,38,21,0,0
3180,17,11,0,0
3181,42,29,0,0
3182,92,28,2,0
3183,65,33,0,0
3184,316,94,2,0
3185,265,24,0,0
3186,165,26,2,0
3187,214,24,1,0
3188,383,55,2,0
3189,204,16,0,0
3190,225,19,2,0
3191,203,25,0,0
3192,35,15,1,0
3193,38,24,0,0
3194,194,7,4,0
3195,267,49,0,0
3196,57,35,0,0
3197,51,21,2,0
3198,19,9,0,0
32,184,36,0,0
3200,59,6,0,0
3201,231,15,6,0
3202,213,17,3,0
3203,197,8,7,0
3204,66,11,1,0
3205,252,41,2,0
3206,175,11,2,0
3207,191,40,3,0
3208,164,18,0,0
3209,1,0,0,0
3210,217,24,1,0
3211,149,12,2,0
3212,308,48,3,0
3213,273,26,3,0
3214,387,23,2,0
3215,154,43,7,0
3216,280,56,1,0
3217,33,17,2,0
3218,135,16,2,0
3219,122,16,4,0
3220,258,33,5,0
3221,55,28,0,0
3223,5,1,0,0
3224,175,12,1,0
3225,193,12,3,0
3226,45,22,2,0
3227,256,37,7,0
3228,260,20,4,0
3229,118,9,2,0
3230,401,33,0,0
3231,275,61,0,0
3232,246,28,12,0
3235,155,24,0,0
3236,186,24,0,0
3237,57,11,2,0
3238,156,29,8,0
3239,114,14,9,0
3240,90,10,0,0
3241,173,22,0,0
3242,200,21,0,0
3243,41,2,0,0
3244,63,11,0,0
3245,8,1,0,0
3248,195,6,0,0
3249,12,0,0,0
3250,202,18,2,0
3253,3,0,0,0
3254,25,10,0,0
3255,11,5,0,0
3256,7,0,0,0
3257,21,11,0,0
3258,11,5,0,0
3260,7,0,0,0
3261,4,0,0,0
3262,23,8,0,0
3263,19,8,0,0
3264,19,10,0,0
3265,1,0,0,0
3266,41,25,0,0
3267,26,11,2,0
3268,37,11,1,0
3269,30,15,0,0
3270,31,11,0,0
3271,5,1,0,0
3274,3,0,0,0
3275,28,9,1,0
3276,11,3,0,0
3277,41,9,0,0
3278,9,3,0,0
3279,7,1,0,0
3280,41,17,0,0
3282,33,15,0,0
3283,51,18,0,0
3285,62,17,0,0
3287,2,0,0,0
3288,5,0,1,0
3292,11,5,0,0
3294,54,19,0,0
3296,2,0,0,0
3298,3,0,0,0
3299,1,0,0,0
33,83,6,0,0
3303,7,0,0,0
3304,1,0,0,0
3305,9,0,0,0
3306,5,0,0,0
3307,73,0,0,0
3308,4,0,0,0
3359,38,22,0,0
3360,45,11,3,0
3361,44,13,0,0
3362,475,151,4,0
3364,72,24,5,0
3365,38,21,0,0
3366,19,10,4,0
3367,44,26,0,0
3368,38,13,0,0
3369,16,2,0,0
3370,237,117,1,0
3371,18,9,0,0
3372,14,11,0,0
3373,54,37,0,0
3374,4,1,0,0
3375,33,18,2,0
3378,73,26,0,0
3379,30,18,2,0
3380,48,15,0,0
3381,52,18,0,0
3382,14,9,0,0
3383,46,23,0,0
3384,30,9,0,0
3385,34,17,5,0
3387,79,66,2,0
3388,178,26,0,0
3389,5,1,0,0
3390,68,28,0,0
3391,83,32,0,0
3392,82,42,2,0
3393,216,33,0,0
3394,122,57,0,0
3395,56,22,0,0
3396,46,24,2,0
3397,128,8,2,0
3398,58,11,1,0
3399,132,7,0,0
34,134,32,0,0
3400,73,26,0,0
3401,260,160,5,0
3402,17,8,1,0
3403,17,9,0,0
3404,226,28,0,0
3405,68,42,0,0
3406,41,28,3,0
3407,29,13,3,0
3408,185,26,0,0
3409,8,3,0,0
3410,27,16,1,0
3411,39,18,0,0
3414,57,23,0,0
3415,27,12,0,0
3416,18,5,2,0
3417,3,1,0,0
3418,4,0,1,0
3419,21,12,0,0
3421,61,41,1,0
3422,76,21,5,0
3423,46,23,0,0
3424,27,10,0,0
3425,44,17,2,0
3427,19,6,2,0
3428,35,17,7,0
3429,18,6,3,0
3430,53,29,0,0
3431,45,20,3,0
3432,33,14,0,0
3433,64,36,4,0
3434,21,5,3,0
3436,56,34,1,0
3437,19,11,4,0
3438,33,12,2,0
3439,44,21,4,0
3440,25,7,0,0
3441,65,35,0,0
3442,57,33,7,0
3443,31,12,4,0
3445,46,13,4,0
3446,46,23,0,0
3448,31,13,0,0
3449,13,5,2,0
3451,4,2,1,0
3452,50,24,4,0
3453,46,23,0,0
3454,50,32,0,0
3455,31,8,0,0
3456,23,15,0,0
3457,45,25,0,0
3458,26,11,0,0
3459,7,1,0,0
3460,4,2,0,0
3461,24,10,1,0
3462,115,27,0,0
3463,36,21,1,0
3464,62,8,0,0
3465,38,27,1,0
3466,46,23,0,0
3467,1,0,0,0
3468,40,24,0,0
3469,46,23,0,0
3470,62,40,0,0
3471,46,22,0,0
3472,25,14,2,0
3473,35,23,0,0
3474,45,23,0,0
3475,40,16,0,0
3476,42,15,1,0
3478,91,52,2,0
3479,37,21,0,0
3480,43,26,0,0
3481,53,30,0,0
3482,57,22,0,0
3483,20,12,0,0
3484,17,6,1,0
3485,7,3,0,0
3487,34,7,2,0
3488,3,2,0,0
3490,215,8,0,0
3491,280,53,0,0
3492,74,13,0,0
3493,39,23,0,0
3494,30,17,0,0
3495,257,31,0,0
3496,324,55,1,0
3497,20,11,0,0
3498,35,20,0,0
3499,93,29,6,0
3500,125,73,0,0
3501,64,15,0,0
3502,254,59,0,0
3503,55,26,3,0
3504,44,27,0,0
3505,37,19,1,0
3506,2,0,0,0
3507,72,15,0,0
3508,44,24,2,0
3510,129,63,2,0
3511,4,3,0,0
3513,26,15,2,0
3514,146,19,2,0
3516,67,48,0,0
3517,174,19,0,0
3518,335,40,1,0
3519,50,9,0,0
3520,128,23,0,0
3521,25,10,2,0
3522,93,44,5,0
3523,62,49,3,0
3524,104,44,0,0
3525,48,10,0,0
3526,265,53,3,0
3527,3,0,2,0
3528,327,42,0,0
3529,328,100,0,0
3530,58,34,1,0
3531,98,40,0,0
3532,74,30,0,0
3533,63,49,0,0
3536,19,9,3,0
3546,4,0,0,0
3547,19,5,0,0
3548,38,13,0,0
3549,18,0,0,0
3550,115,45,2,0
3551,158,26,0,0
3553,54,18,0,0
3554,7,0,0,0
3555,255,102,0,0
3556,16,2,0,0
3557,48,10,0,0
3560,1,1,0,0
3561,3,0,0,0
3562,7,0,0,0
3563,8,5,1,0
3564,10,7,0,0
3565,22,0,0,0
3566,3,0,0,0
3567,100,19,0,0
3568,43,23,0,0
3569,23,1,0,0
3571,5,0,0,0
3572,69,0,0,0
3573,8,0,0,0
3574,4,0,0,0
3575,11,0,1,0
3576,10,0,0,0
3577,198,26,2,0
3578,11,2,0,0
3579,4,0,1,0
3580,41,0,0,0
3582,6,0,0,0
3583,3,0,0,0
3584,7,0,0,0
3585,5,0,0,0
3586,29,0,0,0
3587,3,0,0,0
3588,11,0,0,0
3589,6,0,0,0
3590,14,4,0,0
3591,9,0,0,0
3592,23,8,0,0
3593,15,0,0,0
3594,26,11,0,0
3595,19,0,0,0
3597,58,9,0,0
3598,13,0,0,0
3599,10,0,0,0
3602,2,0,0,0
3603,11,0,0,0
3604,23,0,0,0
3605,22,0,0,0
3606,8,0,0,0
3608,20,6,0,0
3609,55,26,2,0
3610,29,0,1,0
3616,34,0,0,0
3617,6,0,0,0
3618,9,0,0,0
3619,24,0,0,0
3621,212,121,3,0
3622,31,0,0,0
3624,16,0,0,0
3625,33,0,0,0
3626,30,0,0,0
3628,8,0,0,0
3629,23,0,0,0
3630,31,0,0,0
3631,20,0,0,0
3632,48,0,0,0
3633,39,0,0,0
3634,14,0,0,0
3635,59,0,0,0
3636,24,0,0,0
3640,14,0,0,0
3641,1,0,0,0
3646,51,0,0,0
3647,15,0,0,0
3649,108,0,0,0
3651,28,6,0,0
3652,9,0,0,0
3653,75,32,0,0
3654,52,0,0,0
3658,16,0,0,0
3659,26,0,0,0
3661,19,0,0,0
3662,79,5,0,0
3663,9,0,0,0
3665,60,0,0,0
3666,102,63,0,0
3670,41,0,0,0
3671,34,0,0,0
3672,2,0,0,0
3673,9,0,0,0
3675,26,0,0,0
3676,57,13,2,0
3678,21,10,0,0
3679,1,0,0,0
3680,66,29,2,0
3681,60,5,1,0
3683,56,0,0,0
3685,31,0,0,0
3687,206,85,0,0
3688,238,73,0,0
3689,154,62,3,0
3690,44,13,6,0
3691,131,60,0,0
3692,94,48,0,0
3693,207,54,0,0
3694,49,11,0,0
3697,157,22,0,0
3699,49,1,0,0
37,16,6,6,0
3700,7,0,0,0
3701,13,0,0,0
3703,78,0,0,0
3704,17,12,0,0
3705,84,0,0,0
3706,35,4,0,0
3707,283,159,7,0
3708,231,97,0,0
3709,57,8,0,0
3710,4,0,0,0
3711,7,1,2,0
3712,26,0,0,0
3713,22,0,0,0
3715,53,1,0,0
3716,30,0,0,0
3717,78,13,0,0
3718,20,0,0,0
3719,51,10,0,0
3720,7,0,0,0
3721,3,0,0,0
3722,5,0,0,0
3723,46,19,0,0
3724,16,0,0,0
3725,95,25,0,0
3726,137,37,0,0
3727,273,81,0,0
3728,200,86,1,0
3729,80,17,1,0
3730,75,14,0,0
3731,209,110,6,0
3732,42,0,0,0
3733,146,14,2,0
3734,136,37,0,0
3735,57,3,0,0
3736,100,6,1,0
3737,102,10,0,0
3738,236,70,3,0
3739,116,4,0,0
3740,37,0,0,0
3741,126,26,1,0
3742,146,43,2,0
3743,111,26,0,0
3744,102,10,1,0
3745,253,45,0,0
3746,116,15,1,0
3747,220,70,0,0
3748,239,82,0,0
3749,6,0,0,0
3750,36,7,0,0
3751,26,0,0,0
3752,86,10,0,0
3753,66,14,0,0
3754,85,10,3,0
3755,117,20,0,0
3756,12,0,0,0
3757,99,26,1,0
3758,173,33,1,0
3759,5,0,0,0
3760,74,15,1,0
3761,145,31,1,0
3762,170,21,0,0
3763,83,8,0,0
3764,85,10,8,0
3765,39,0,0,0
3766,87,15,0,0
3767,62,21,0,0
3768,131,23,2,0
3769,203,14,1,0
3771,46,4,0,0
3772,16,0,0,0
3773,30,1,0,0
3777,85,7,1,0
3778,138,61,6,0
3779,8,0,0,0
3780,75,14,0,0
3781,6,0,0,0
3782,52,2,0,0
3783,101,39,1,0
3784,5,0,0,0
3786,239,12,2,0
3787,35,16,0,0
3788,201,23,3,0
3789,141,43,0,0
3790,36,13,0,0
3791,1,0,0,0
3792,91,35,0,0
3793,26,0,0,0
3794,24,0,0,0
3795,56,27,1,0
3796,18,6,0,0
3797,32,19,2,0
3798,134,27,2,0
3799,119,24,0,0
38,74,12,2,0
3800,43,15,3,0
3801,19,6,1,0
3802,67,32,4,0
3803,22,7,0,0
3805,38,18,0,0
3806,47,21,9,0
3807,54,26,0,0
3808,27,9,0,0
3809,70,43,0,0
3810,32,10,3,0
3811,27,10,2,0
3812,27,11,0,0
3813,28,7,0,0
3814,53,19,2,0
3815,34,19,2,0
3816,29,13,12,0
3817,32,17,2,0
3818,61,23,0,0
3819,35,16,0,0
3820,37,28,0,0
3821,25,12,0,0
3822,48,27,4,0
3823,33,21,0,0
3824,34,23,0,0
3825,30,11,1,0
3827,30,14,4,0
3828,33,10,0,0
3829,40,17,0,0
3830,82,48,4,0
3831,1,0,0,0
3832,17,9,2,0
3833,65,45,1,0
3834,23,8,1,0
3835,131,44,4,0
3836,50,35,4,0
3837,37,27,0,0
3838,14,3,0,0
3839,36,13,2,0
3840,49,11,0,0
3841,177,40,4,0
3842,11,1,0,0
3843,21,10,0,0
3844,37,20,1,0
3845,3,0,0,0
3846,64,37,0,0
3847,93,11,1,0
3848,17,7,0,0
3850,70,2,0,0
3851,50,4,6,0
3852,73,12,0,0
3853,2,0,0,0
3854,106,62,0,0
3856,59,27,1,0
3857,4,0,0,0
3858,29,5,0,0
3859,40,0,0,0
3860,60,2,0,0
3861,79,28,0,0
3862,60,4,0,0
3864,4,0,0,0
3865,62,0,0,0
3867,25,0,0,0
3868,170,55,3,0
3869,127,72,2,0
3870,53,2,0,0
3872,175,75,22,0
3873,218,67,0,0
3876,2,2,0,0
3877,2,2,0,0
3878,295,168,9,0
3880,68,29,0,0
3882,56,23,0,0
3883,6,0,0,0
3884,3,0,0,0
3885,15,0,0,0
3886,30,0,0,0
3887,45,0,0,0
3888,66,0,0,0
3889,10,0,0,0
3890,54,2,0,0
3891,68,0,0,0
3892,57,0,0,0
3893,66,0,0,0
3894,64,4,0,0
3895,54,0,0,0
3896,7,1,0,0
3897,55,0,0,0
3898,43,1,0,0
3899,60,1,0,0
39,19,9,1,0
3900,69,1,0,0
3901,59,3,0,0
3902,45,1,0,0
3903,205,75,0,0
3904,46,14,0,0
3905,21,10,0,0
3906,22,14,0,0
3907,90,18,0,0
3908,19,11,0,0
3909,27,10,0,0
3910,87,17,0,0
3911,42,30,1,0
3912,36,15,3,0
3913,52,4,0,0
3915,51,8,0,0
3916,28,12,1,0
3917,114,17,0,0
3918,5,4,0,0
3919,37,0,0,0
3920,34,25,2,0
3922,60,16,0,0
3923,22,13,0,0
3924,3,2,0,0
3925,10,5,0,0
3926,50,3,0,0
3927,32,25,0,0
3928,21,14,0,0
3929,44,21,0,0
3930,1,0,0,0
3931,73,9,0,0
3932,1,0,0,0
3933,35,19,0,0
3934,3,1,0,0
3936,111,22,0,0
3937,24,14,0,0
3938,89,30,0,0
3939,104,47,0,0
3940,152,17,4,0
3941,80,21,0,0
3942,171,48,0,0
3943,71,4,0,0
3944,82,16,0,0
3945,48,35,0,0
3946,71,38,0,0
3947,111,31,0,0
3949,71,5,0,0
3950,7,3,0,0
3951,3,0,0,0
3952,192,31,0,0
3953,108,53,0,0
3954,91,12,0,0
3955,121,13,2,0
3956,241,21,16,0
3957,133,35,0,0
3958,100,19,0,0
3959,67,8,2,0
3960,160,43,0,0
3961,80,48,0,0
3962,213,46,0,0
3963,203,18,0,0
3964,116,26,2,0
3965,179,23,0,0
3966,77,13,0,0
3967,103,14,2,0
3968,117,24,0,0
3969,170,16,2,0
3970,86,11,0,0
3971,92,8,0,0
3972,3,1,0,0
3973,98,40,0,0
3974,52,39,0,0
3975,16,7,0,0
3978,179,23,0,0
3979,22,17,0,0
3981,82,51,0,0
3982,4,0,0,0
3983,162,26,0,0
3984,293,72,1,0
3985,143,18,1,0
3986,170,39,0,0
3987,133,10,0,0
3988,78,35,0,0
3989,148,59,0,0
3990,84,17,0,0
3991,145,29,0,0
3992,164,48,0,0
3993,255,37,0,0
3994,747,102,0,0
3995,184,57,0,0
3997,172,22,0,0
3998,150,24,3,0
3999,70,41,3,0
4,117,1,0,0
40,85,6,3,0
4000,131,28,0,0
4001,152,20,0,0
4002,200,47,3,0
4003,165,20,3,0
4004,3,1,0,0
4005,238,83,0,0
4006,91,7,0,0
4007,14,7,0,0
4009,302,89,0,0
4010,4,0,0,0
4011,117,41,0,0
4012,91,7,0,0
4013,118,18,2,0
4014,62,19,3,0
4016,5,0,0,0
4017,15,0,0,0
4018,149,105,1,0
4019,60,13,1,0
4021,6,0,0,0
4022,6,0,0,0
4023,388,171,0,0
4024,18,12,0,0
4025,34,13,0,0
4026,65,48,0,0
4027,33,0,0,0
4028,47,0,0,0
4029,18,0,0,0
4030,49,13,1,0
4031,51,0,0,0
4033,15,0,0,0
4034,72,0,0,0
4035,12,0,0,0
4037,143,52,1,0
4038,178,88,2,0
4039,174,83,2,0
4040,223,65,14,0
4041,181,48,1,0
4042,96,43,4,0
4043,113,63,3,585
4044,47,29,0,189
4045,10,5,0,0
4046,10,5,0,0
4048,65,31,2,0
4049,44,32,2,0
4050,64,37,4,0
4051,44,27,0,1345
4052,19,9,0,1
4053,90,39,0,0
4054,5,3,0,0
4055,33,15,7,1005
4056,106,19,0,0
4057,56,36,2,0
4058,8286,2744,132,900
4059,110,58,2,0
4060,100,73,8,0
4061,71,44,0,0
4062,71,54,6,0
4063,36,15,12,0
4064,125,79,4,598
4065,36,20,0,0
4066,71,16,2,0
4067,114,42,0,0
4068,66,25,0,0
4069,142,49,4,84
4070,11,6,0,0
4071,48,34,0,369
4072,74,34,0,0
4073,64,35,10,0
4074,21,6,1,0
4075,50,13,0,0
4076,70,55,0,516
4077,16,4,0,460
4078,44,19,0,0
4079,20,8,0,0
4080,58,13,0,0
4081,88,53,8,0
4082,128,45,0,1137
4083,37,26,5,0
4084,132,62,11,0
41,115,13,1,0
43,158,47,0,0
44,108,33,0,0
45,83,11,0,0
457,13,5,0,0
458,1,1,0,0
459,18,2,0,0
46,23,13,0,0
460,7,3,0,0
461,52,20,0,0
462,61,16,0,0
463,1,1,0,0
464,112,30,2,0
465,44,0,0,0
466,139,26,0,0
467,248,50,0,0
468,142,56,0,0
469,64,3,0,0
47,46,4,0,0
470,151,0,0,0
471,110,4,0,0
472,155,8,0,0
473,173,39,0,0
474,311,143,1,0
475,100,4,0,0
476,12,0,0,0
477,122,14,0,0
478,107,22,3,0
479,66,9,2,0
48,136,33,1,0
480,110,0,0,0
481,85,17,0,0
482,116,0,0,0
483,110,0,0,0
484,92,1,0,0
485,14,0,0,0
486,47,0,0,0
487,68,11,0,0
488,65,0,0,0
489,92,0,0,0
49,174,27,3,0
490,239,50,0,0
491,74,0,0,0
492,157,19,2,0
493,7,0,0,0
494,71,9,0,0
495,171,30,0,0
496,155,7,0,0
497,95,0,0,0
498,56,0,0,0
499,74,0,0,0
5,2,0,0,0
50,62,17,0,0
500,60,0,0,0
501,77,8,0,0
502,51,6,0,0
503,75,2,0,0
504,77,0,0,0
505,31,4,0,0
506,64,3,0,0
507,42,0,0,0
508,79,0,0,0
509,4,0,0,0
51,57,12,0,0
510,37,17,0,0
511,41,0,0,0
512,46,0,0,0
513,81,24,0,0
514,93,14,0,0
515,125,0,0,0
516,115,0,0,0
517,29,1,0,0
518,78,37,0,0
519,70,0,0,0
520,3,1,0,0
521,87,0,0,0
522,39,3,0,0
523,4,0,0,0
524,9,0,0,0
525,138,1,0,0
526,305,38,0,0
527,320,72,1,0
528,99,1,0,0
529,177,63,0,0
53,29,9,5,0
530,72,0,0,0
531,13,1,0,0
532,75,15,0,0
533,87,0,0,0
534,97,30,0,0
535,67,11,7,0
536,118,0,0,0
537,14,0,0,0
538,255,23,2,0
539,95,0,0,0
54,197,20,0,0
540,233,73,0,0
541,131,0,0,0
542,275,72,0,0
543,34,0,0,0
544,178,67,0,0
545,162,1,0,0
546,54,0,0,0
547,110,6,0,0
548,11,0,0,0
549,9,0,0,0
55,52,15,4,0
550,38,1,0,0
551,122,34,0,0
552,53,2,0,0
553,54,0,0,0
554,151,40,1,0
555,97,7,0,0
556,30,1,0,0
557,54,12,0,0
558,31,2,0,0
559,222,34,0,0
560,85,34,0,0
561,170,60,0,0
562,46,2,0,0
563,70,0,0,0
564,71,13,0,0
565,280,99,2,0
566,181,124,0,0
567,8,1,0,0
568,78,0,0,0
569,195,42,0,0
57,48,6,1,0
570,75,4,0,0
571,93,14,0,0
572,100,20,0,0
573,1,1,0,0
574,89,10,0,0
575,66,0,0,0
576,9,0,0,0
577,139,61,0,0
578,35,1,0,0
579,65,4,0,0
58,62,17,1,0
580,93,0,0,0
581,4,1,0,0
582,77,1,0,0
583,55,1,0,0
584,6,1,0,0
585,48,0,0,0
586,159,36,0,0
587,67,2,0,0
588,68,10,0,0
589,20,0,0,0
59,157,25,0,0
590,155,43,0,0
591,77,17,0,0
592,118,16,0,0
593,111,0,0,0
594,252,68,0,0
595,145,6,0,0
596,151,36,0,0
597,65,13,0,0
598,118,25,0,0
599,74,1,0,0
6,90,0,0,0
60,149,22,2,0
600,24,0,0,0
601,14,1,0,0
602,12,0,0,0
603,6,1,0,0
604,28,1,0,0
605,227,19,0,0
606,56,6,0,0
607,61,2,0,0
608,253,37,0,0
609,306,96,0,0
61,228,64,2,0
610,284,56,0,0
611,15,0,0,0
612,190,41,0,0
613,43,1,0,0
614,83,0,0,0
615,63,1,0,0
616,38,1,0,0
617,106,24,0,0
618,232,61,0,0
619,52,7,0,0
62,170,55,0,0
620,131,82,0,0
621,69,3,0,0
622,13,0,0,0
623,39,4,0,0
624,117,26,0,0
625,74,29,0,0
626,113,12,0,0
627,142,6,0,0
628,4,1,0,0
629,109,46,0,0
63,91,30,2,0
630,63,3,0,0
631,106,41,0,0
632,95,41,3,0
633,3,1,0,0
634,24,1,0,0
636,172,15,0,0
637,49,0,0,0
638,12,1,0,0
639,165,30,0,0
640,109,18,0,0
641,283,91,0,0
642,64,15,1,0
643,36,7,0,0
644,169,0,0,0
645,122,12,0,0
646,197,49,0,0
647,22,4,0,0
649,137,29,0,0
65,158,68,0,0
650,41,1,0,0
651,212,47,0,0
653,21,1,0,0
654,116,23,0,0
655,89,0,0,0
657,78,0,0,0
658,296,126,1,0
659,7,0,0,0
66,237,71,0,0
660,75,0,0,0
661,219,56,0,0
662,289,125,0,0
663,133,43,3,0
664,153,20,6,0
665,3,0,0,0
666,9,0,0,0
667,192,25,0,0
668,13,0,0,0
669,18,0,0,0
670,26,0,0,0
671,50,22,0,0
672,149,62,1,0
673,53,12,0,0
674,103,0,0,0
675,91,26,0,0
676,55,1,0,0
677,28,1,0,0
678,6,0,0,0
679,187,0,0,0
68,108,33,0,0
680,81,14,0,0
681,45,0,0,0
682,18,3,0,0
683,71,34,0,0
684,242,98,0,0
685,192,57,0,0
686,113,6,0,0
687,174,67,0,0
688,16,0,0,0
689,179,20,0,0
69,64,11,1,0
692,11,0,0,0
693,249,132,0,0
694,84,12,0,0
695,65,4,0,0
696,12,0,0,0
697,82,22,0,0
698,138,38,0,0
699,111,34,1,0
7,2,0,0,0
700,69,3,0,0
701,137,63,0,0
702,128,0,0,0
703,70,0,0,0
704,221,102,0,0
705,19,0,0,0
706,205,55,1,0
707,11,0,0,0
708,6,3,0,0
710,104,5,0,0
711,84,2,0,0
712,31,0,0,0
713,1,0,0,0
714,185,16,0,0
715,12,0,0,0
716,7,0,0,0
717,69,36,2,0
718,103,0,0,0
719,55,24,2,0
72,102,18,0,0
720,130,74,0,0
721,54,33,0,0
722,2,0,0,0
723,26,11,0,0
724,34,20,0,0
725,23,15,2,0
726,29,13,0,0
727,56,28,0,0
728,12,6,6,0
729,39,12,0,0
73,109,31,0,0
730,34,11,0,0
731,51,30,0,0
732,37,21,0,0
733,26,14,3,0
734,36,10,0,0
735,57,25,2,0
736,27,20,0,0
737,58,10,0,0
738,97,1,0,0
739,100,50,0,0
74,143,84,8,0
740,40,24,4,0
741,38,11,1,0
742,56,27,0,0
743,60,33,0,0
744,41,23,1,0
745,56,22,0,0
746,44,18,0,0
747,63,12,2,0
748,64,52,0,0
749,15,5,0,0
75,80,54,0,0
750,62,28,0,0
751,47,20,1,0
752,50,23,1,0
753,38,18,0,0
754,24,20,0,0
755,94,14,0,0
756,33,10,0,0
757,116,54,0,0
758,56,21,1,0
759,71,35,0,0
76,60,30,0,0
761,73,23,2,0
762,12,9,0,0
763,59,35,0,0
764,48,22,3,0
765,44,20,0,0
766,54,20,1,0
767,23,16,0,0
768,33,9,0,0
769,35,20,0,0
77,134,50,0,0
770,168,29,0,0
771,30,9,0,0
772,28,7,0,0
773,58,26,2,0
774,49,16,0,0
775,18,14,0,0
776,59,27,0,0
777,41,22,0,0
778,59,27,0,0
779,39,24,0,0
78,65,16,0,0
780,20,4,0,0
781,32,21,0,0
782,54,21,0,0
783,8,4,0,0
79,37,13,7,0
8,2,0,0,0
80,119,14,9,0
81,92,19,0,0
832,162,55,0,0
833,186,52,0,0
834,356,79,0,0
835,54,11,5,0
837,2,1,0,0
839,99,23,0,0
84,49,12,0,0
841,63,3,4,0
842,58,13,0,0
843,69,6,0,0
844,25,0,0,0
845,46,10,0,0
846,2,0,0,0
847,65,11,0,0
848,134,27,2,0
849,2,1,0,0
85,127,24,0,0
850,1,0,0,0
851,65,10,0,0
852,163,68,0,0
853,1,0,0,0
854,94,18,0,0
855,145,46,1,0
856,122,25,0,0
859,61,3,0,0
86,2,1,0,0
860,50,4,1,0
861,81,27,2,0
862,3,0,0,0
863,11,0,0,0
864,243,66,0,0
865,13,10,0,0
866,140,52,0,0
867,114,23,0,0
868,118,16,0,0
87,54,8,2,0
871,96,36,0,0
874,139,45,0,0
876,3,0,0,0
877,88,8,0,0
88,89,14,0,0
880,166,27,0,0
881,6,2,0,0
882,1,1,0,0
89,76,29,0,0
892,3,2,0,0
895,83,31,0,0
899,1,0,0,0
9,2,0,0,0
90,66,5,0,0
900,2,1,0,0
901,2,2,0,0
902,6,3,0,0
904,40,25,0,0
906,36,25,0,0
907,7,0,0,0
908,64,48,0,0
909,2,0,0,0
91,97,14,0,0
910,4,0,0,0
912,10,0,0,0
913,5,0,0,0
914,94,35,1,0
915,21,9,0,0
916,144,27,2,0
918,6,1,0,0
919,4,0,0,0
92,82,27,0,0
920,30,7,0,0
921,31,16,0,0
922,33,18,0,0
923,1,0,0,0
924,37,20,0,0
925,26,13,0,0
926,19,13,0,0
927,41,23,0,0
928,20,11,0,0
929,18,10,0,0
93,92,24,0,0
930,28,16,5,0
932,27,16,0,0
933,42,34,0,0
934,32,20,0,0
935,21,10,0,0
936,25,9,0,0
937,31,10,0,0
938,1,0,0,0
939,28,16,0,0
94,91,11,0,0
940,29,17,0,0
942,31,13,0,0
943,32,26,0,0
945,3,0,0,0
946,18,13,0,0
947,29,15,0,0
949,67,21,0,0
95,101,16,0,0
950,43,27,1,0
951,27,14,0,0
952,34,19,0,0
953,59,14,0,0
954,1,0,0,0
956,45,37,0,0
957,10,0,0,0
958,43,25,0,0
959,52,31,0,0
96,85,26,0,0
960,1,1,0,0
961,2,2,0,0
962,36,22,0,0
963,20,9,0,0
964,65,40,0,0
965,147,37,0,0
966,49,19,0,0
967,48,37,0,0
968,3,0,0,0
969,34,22,0,0
97,101,12,0,0
970,1,0,0,0
971,78,55,0,0
972,3,3,0,0
973,39,14,0,0
974,5,2,0,0
975,41,8,0,0
976,24,9,12,0
978,36,15,0,0
979,7,3,0,0
98,158,44,0,0
982,57,33,0,0
983,104,35,0,0
984,152,76,0,0
985,74,39,0,0
986,123,32,0,0
987,185,45,0,0
988,231,61,0,0
989,142,36,3,0
990,147,44,0,0
991,56,33,0,0
992,78,30,9,0
993,106,21,0,0
994,143,38,0,0
995,47,14,0,0
996,96,24,0,0
997,146,26,1,0
998,79,23,0,0
999,252,59,6,0
