LogID,NumPages,WikiAccesses,NumWords
1,5,0,0
10,15,0,0
100,156,2,0
1000,100,0,0
1001,140,0,0
1002,126,0,0
1003,92,0,0
1004,96,0,0
1005,150,0,0
1006,70,0,0
1007,266,1,0
1008,156,0,0
1009,146,0,0
101,75,0,0
1010,104,2,0
1011,123,0,0
1012,90,0,0
102,158,0,0
103,121,0,0
104,96,0,0
105,158,2,0
106,67,0,0
1063,9,0,0
1064,134,0,0
1065,125,0,0
1066,10,0,0
1067,16,0,0
1068,14,0,0
1069,3,0,0
107,57,1,0
1070,8,0,0
1071,13,0,0
1072,114,0,0
1073,106,0,0
1075,1,0,0
1076,8,0,0
1077,100,0,0
1079,2,0,0
108,66,6,0
1080,98,0,0
1081,102,0,0
1082,82,0,0
1083,95,1,0
1084,33,0,0
1085,209,4,0
1087,91,0,0
1088,98,0,0
1089,137,0,0
109,72,0,0
1090,128,0,0
1091,85,0,0
1092,2,0,0
1093,70,0,0
1096,36,0,0
1099,105,0,0
11,4,0,0
110,83,0,0
1100,5,0,0
1103,90,0,0
1106,80,0,0
1109,6,0,0
111,79,0,0
1110,46,2,0
1112,1,0,0
1113,86,0,0
1114,2,0,0
1115,9,0,0
1116,8,0,0
1117,2,0,0
1118,185,0,0
1119,2,0,0
112,145,4,0
1120,4,0,0
1122,118,0,0
1123,123,0,0
1124,2,0,0
1126,72,0,0
1127,3,0,0
1129,9,0,0
113,164,0,0
1130,12,0,0
1132,3,0,0
1137,2,0,0
114,86,10,0
1140,2,0,0
1141,111,0,0
1142,10,0,0
1143,4,0,0
1144,186,0,0
1145,5,0,0
1146,19,0,0
1147,28,0,0
1148,19,0,0
115,70,0,0
1150,6,0,0
1151,25,0,0
1153,142,0,0
1154,48,0,0
1155,31,0,0
1156,30,0,0
1157,28,0,0
1158,18,0,0
1159,28,0,0
116,77,0,0
1160,31,0,0
1161,2,0,0
1163,19,0,0
1164,15,0,0
1165,1,0,0
1166,18,0,0
1167,19,0,0
1168,32,0,0
1169,18,0,0
117,43,3,0
1170,164,0,0
1171,26,0,0
1172,43,0,0
1174,36,0,0
1175,23,0,0
1176,37,3,0
1177,30,1,0
1178,30,0,0
1179,35,0,0
118,155,0,0
1180,32,0,0
1181,18,0,0
1182,35,0,0
1183,32,0,0
1184,32,0,0
1185,45,2,0
1186,58,0,0
1187,25,0,0
1189,24,0,0
119,91,0,0
1190,27,0,0
1192,22,0,0
1194,14,0,0
1195,1,0,0
1196,53,3,0
1198,66,2,0
1199,77,0,0
12,24,0,0
120,3,0,0
1200,5,4,0
1201,137,3,0
1202,53,0,0
1203,60,2,0
1204,101,2,0
1205,118,3,0
1206,168,3,0
1207,107,1,0
1208,37,3,0
1209,361,8,0
1210,312,13,0
1211,52,0,0
1212,160,5,0
1213,41,1,0
1214,291,2,0
1215,107,5,0
1216,17,2,0
1217,128,0,0
1218,38,0,0
1219,130,0,0
122,131,0,0
1220,71,1,0
1221,143,0,0
1222,65,1,0
1223,71,5,0
1224,70,3,0
1226,117,6,0
1227,20,3,0
1228,187,12,0
1229,47,0,0
123,100,0,0
1230,74,2,0
1231,35,6,0
1232,109,3,0
1233,91,0,0
1234,149,0,0
1235,22,0,0
1236,95,0,0
1237,169,2,0
1238,130,0,0
1239,28,0,0
124,45,3,0
1240,146,2,0
1242,87,5,0
1243,211,0,0
1244,95,0,0
1246,25,0,0
1247,2,0,0
1248,75,2,0
1249,4,0,0
125,98,3,0
1250,1,0,0
1251,32,0,0
1252,78,1,0
1253,20,0,0
1254,57,2,0
1255,17,0,0
1256,157,1,0
1257,195,0,0
1258,122,0,0
1259,95,0,0
126,130,0,0
1260,133,0,0
1261,105,0,0
1262,98,0,0
1263,57,0,0
1264,97,0,0
1265,205,0,0
1266,132,0,0
1267,116,0,0
1268,105,0,0
1269,152,0,0
127,1,0,0
1270,130,0,0
1271,162,0,0
1272,138,0,0
1273,79,0,0
1274,103,0,0
1275,51,0,0
1276,87,0,0
1277,60,0,0
1278,143,0,0
1279,31,0,0
128,51,0,0
1280,1,0,0
1281,119,0,0
1284,128,0,0
1286,91,0,0
1289,105,0,0
129,89,0,0
1291,124,0,0
1292,171,0,0
1294,168,0,0
1295,179,0,0
1296,141,0,0
1298,121,0,0
1299,67,0,0
13,41,0,0
130,59,1,0
1300,319,0,0
1301,100,0,0
1302,115,0,0
1303,129,0,0
1304,79,0,0
1306,2,0,0
1307,86,0,0
1308,38,0,0
131,105,0,0
1310,144,0,0
1311,130,0,0
1312,87,0,0
1314,133,0,0
1315,63,0,0
1316,132,0,0
1317,26,0,0
1318,3,0,0
1319,119,0,0
132,158,1,0
1320,90,0,0
1321,24,0,0
1322,140,0,0
1323,88,0,0
1324,72,0,0
1326,112,0,0
1327,62,0,0
1328,85,0,0
1329,108,0,0
133,276,0,0
1330,4,0,0
1331,82,0,0
1332,85,0,0
1333,113,0,0
1334,2,0,0
1335,80,0,0
1336,3,0,0
1337,22,0,0
1339,42,0,0
134,153,0,0
1340,19,1,0
1341,6,0,0
1342,3,0,0
1343,87,0,0
1344,151,0,0
1345,113,0,0
1346,91,0,0
1347,98,0,0
1348,126,1,0
1349,2,0,0
135,364,0,0
1350,3,0,0
1354,5,0,0
1356,3,0,0
1357,258,0,0
136,268,0,0
1360,6,0,0
1363,1,0,0
1364,100,2,0
1365,1,0,0
1366,4,0,0
1367,12,0,0
1368,2,0,0
1369,4,0,0
1370,13,0,0
1371,8,0,0
1372,32,0,0
1373,7,0,0
1374,4,0,0
1375,28,0,0
1377,40,0,0
1378,17,0,0
1379,16,0,0
1380,9,0,0
1381,20,0,0
1382,17,0,0
1383,34,6,0
1384,15,0,0
1385,30,0,0
1386,9,0,0
1387,42,0,0
1388,16,0,0
1389,94,1,0
139,122,2,0
1390,1,0,0
1392,28,0,0
1393,31,0,0
1394,133,0,0
1395,11,0,0
1396,39,0,0
1397,14,1,0
1398,18,0,0
1399,39,0,0
14,40,0,0
140,65,2,0
1400,20,0,0
1401,29,0,0
1402,20,0,0
1403,10,1,0
1404,12,0,0
1405,39,0,0
1406,24,0,0
1407,3,0,0
1408,40,0,0
1409,2,0,0
1410,32,0,0
1411,41,0,0
1412,8,1,0
1413,10,0,0
1414,13,0,0
1415,155,0,0
1416,397,0,0
1417,7,0,0
1418,9,0,0
1419,24,0,0
142,154,0,0
1420,12,0,0
1421,46,0,0
1422,9,0,0
1423,23,0,0
1424,163,0,0
1425,6,0,0
1426,115,0,0
1427,6,0,0
1428,24,0,0
1429,25,0,0
143,81,0,0
1430,16,0,0
1431,1,0,0
1432,37,1,0
1433,18,0,0
1435,19,8,0
1436,9,0,0
1437,24,2,0
1438,47,0,0
1439,34,3,0
144,2,0,0
1440,32,0,0
1441,21,0,0
1443,124,0,0
1444,169,0,0
1445,15,0,0
1446,12,0,0
1447,90,0,0
1448,3,0,0
1449,16,0,0
1450,46,0,0
1451,2,0,0
1452,15,0,0
1453,32,0,0
1454,136,0,0
1455,8,0,0
1456,207,1,0
1457,4,0,0
1458,42,0,0
1459,25,0,0
146,1,0,0
1460,32,0,0
1461,2,0,0
1462,27,4,0
1463,16,1,0
1464,24,0,0
1465,25,4,0
1466,81,0,0
1467,46,0,0
1468,30,1,0
147,2,0,0
1470,2,0,0
1471,417,1,0
1472,44,1,0
1473,89,0,0
1474,110,5,0
1475,100,3,0
1476,238,2,0
1477,62,8,0
1478,192,4,0
1479,186,0,0
148,2,0,0
1480,36,0,0
1481,164,1,0
1482,158,4,0
1483,174,2,0
1484,105,4,0
1485,172,0,0
1486,239,0,0
1487,270,3,0
1488,109,0,0
1489,208,1,0
149,85,0,0
1490,130,0,0
1491,253,10,0
1492,118,2,0
1493,101,2,0
1494,210,3,0
1495,98,5,0
1496,150,2,0
1497,140,0,0
1498,125,3,0
1499,131,5,0
15,48,0,0
150,112,0,0
1500,257,0,0
1501,154,1,0
1502,99,6,0
1503,196,0,0
1504,276,3,0
1505,155,0,0
1506,173,2,0
1507,70,9,0
1508,142,0,0
1509,343,1,0
151,23,0,0
1510,14,1,0
1511,135,0,0
1512,207,0,0
1513,117,4,0
1514,91,0,0
1515,162,0,0
1516,188,10,0
1517,238,2,0
1518,9,0,0
1519,3,0,0
152,3,0,0
1520,99,12,0
1523,358,0,0
1524,209,10,0
1525,23,0,0
1526,252,0,0
1527,27,1,0
1528,262,0,0
1529,61,0,0
153,163,0,0
1530,241,0,0
1532,67,0,0
1533,199,1,0
1534,286,1,0
1535,82,2,0
1536,92,0,0
1538,187,0,0
1540,191,4,0
1541,383,2,0
1542,37,1,0
1545,42,0,0
1546,134,4,0
1547,79,0,0
1548,190,5,0
155,188,0,0
1550,91,0,0
1551,60,1,0
1552,141,1,0
1553,3,0,0
1554,136,0,0
1555,56,0,0
1556,59,0,0
1558,32,0,0
1559,102,0,0
156,230,0,0
1561,1,0,0
1562,5,0,0
1563,3,0,0
1566,49,0,0
1568,69,2,0
1569,12,0,0
157,105,1,0
1570,18,0,0
1571,38,0,0
1572,1,0,0
1573,40,0,0
1574,47,0,0
1575,7,0,0
1576,7,0,0
1578,37,0,0
158,78,2,0
1581,298,0,0
1584,91,0,0
1585,60,0,0
1588,38,0,0
1589,71,0,0
159,94,0,0
1591,67,0,0
1595,3,0,0
1596,4,0,0
1598,235,0,0
16,21,0,0
160,85,0,0
1600,8,0,0
1601,264,0,0
1602,3,0,0
1603,11,0,0
1604,6,0,0
1605,96,0,0
1606,27,0,0
1607,3,0,0
1608,100,0,0
1609,163,0,0
161,85,0,0
1610,186,0,0
1612,22,0,0
1613,4,0,0
1614,60,0,0
1615,43,0,0
1616,19,0,0
1617,7,0,0
1619,8,0,0
162,84,1,0
1620,5,0,0
1621,46,0,0
1622,9,0,0
1623,31,0,0
1624,9,0,0
1625,8,0,0
1626,440,0,0
1627,24,0,0
1629,29,0,0
163,57,0,0
1630,18,0,0
1631,109,0,0
1632,110,0,0
1634,121,0,0
1635,15,0,0
1636,10,0,0
1637,93,1,0
1638,7,0,0
164,91,0,0
1643,138,0,0
1644,22,0,0
1645,64,0,0
1646,28,0,0
1647,2,0,0
1648,258,0,0
1649,1,0,0
165,80,4,0
1650,19,0,0
1651,2,0,0
1652,16,0,0
1654,121,0,0
1655,39,0,0
1656,81,0,0
1657,44,0,0
1658,20,0,0
1659,15,0,0
166,101,0,0
1660,165,0,0
1661,75,0,0
1662,215,2,0
1663,124,0,0
1665,52,0,0
1666,38,0,0
1667,11,0,0
1668,259,8,0
1669,151,3,0
167,72,0,0
1670,24,0,0
1671,299,2,0
1672,151,0,0
1673,175,8,0
1674,225,0,0
1675,225,0,0
1676,87,0,0
1677,281,3,0
1678,80,0,0
1679,27,0,0
168,151,0,0
1680,96,0,0
1681,83,0,0
1682,391,6,0
1683,184,5,0
1684,59,1,0
1685,62,0,0
1686,58,0,0
1687,5,0,0
1688,187,0,0
1689,179,0,0
169,154,0,0
1690,10,0,0
1691,23,0,0
1692,30,1,0
1693,4,0,0
1694,7,0,0
1696,26,0,0
1697,8,0,0
1698,114,0,0
1699,9,0,0
17,59,3,0
170,143,1,0
1701,2,0,0
1702,111,0,0
1703,5,0,0
1704,4,0,0
1705,48,0,0
1706,37,0,0
1707,41,0,0
1708,17,0,0
1709,32,0,0
171,84,0,0
1710,52,0,0
1711,19,0,0
1712,33,0,0
1713,36,0,0
1715,455,2,0
1716,107,0,0
1717,304,1,0
1718,37,0,0
1719,211,0,0
1720,293,0,0
1721,396,0,0
1722,130,1,0
1723,159,0,0
1724,163,1,0
1725,176,0,0
1726,72,0,0
1727,22,0,0
1728,18,0,0
1729,186,7,0
173,19,0,0
1730,41,0,0
1731,23,0,0
1732,48,0,0
1733,31,0,0
1734,32,0,0
1735,35,0,0
1736,88,0,0
1737,51,0,0
1738,203,0,0
1739,60,0,0
174,75,0,0
1740,10,0,0
1741,11,0,0
1742,37,0,0
1743,30,0,0
1744,26,0,0
1745,26,0,0
1746,33,0,0
1747,30,0,0
1748,248,0,0
1749,138,6,0
175,132,1,0
1750,38,0,0
1751,347,2,0
1752,25,0,0
1753,239,4,0
1754,325,8,0
1755,167,2,0
1756,17,0,0
1757,145,0,0
1758,89,0,0
1759,49,0,0
176,65,0,0
1760,170,6,0
1761,93,0,0
1762,14,0,0
1763,72,0,0
1764,111,0,0
1765,213,1,0
1766,145,0,0
1767,91,0,0
1768,4,0,0
1769,40,0,0
177,51,0,0
1770,157,2,0
1771,11,0,0
1772,34,0,0
1773,27,0,0
1774,11,0,0
1775,56,0,0
1776,282,0,0
1777,99,0,0
1778,19,0,0
1779,108,0,0
178,116,2,0
1780,121,0,0
1781,183,2,0
1782,276,0,0
1783,26,0,0
1784,10,0,0
1785,57,0,0
1786,17,0,0
1787,64,0,0
1788,150,0,0
1789,201,0,0
179,116,0,0
1790,74,0,0
1791,123,0,0
1792,143,1,0
1793,25,0,0
1794,32,0,0
1795,269,5,0
1796,52,0,0
1797,192,16,0
1798,30,0,0
1799,176,0,0
18,41,4,0
180,63,0,0
1800,39,0,0
1801,40,0,0
1802,114,0,0
1803,279,0,0
1804,22,0,0
1805,77,0,0
1806,316,0,0
1807,41,0,0
1808,65,0,0
1809,57,0,0
181,51,0,0
1810,4,0,0
1811,62,0,0
1812,109,0,0
1813,94,0,0
1814,104,0,0
1815,29,0,0
1816,255,0,0
1817,237,0,0
1818,43,0,0
1819,23,0,0
182,12,0,0
1820,12,0,0
1821,29,0,0
1822,34,0,0
1823,119,0,0
1824,79,0,0
1825,50,0,0
1826,77,0,0
1827,242,0,0
1828,121,0,0
1829,34,0,0
183,69,0,0
1830,110,0,0
1831,410,24,0
1832,87,0,0
1833,40,0,0
1834,257,2,0
1835,342,2,0
1836,281,67,0
1837,409,3,0
1838,223,0,0
1839,109,0,0
184,67,0,0
1840,121,0,0
1841,42,0,0
1842,27,0,0
1843,211,0,0
1844,443,0,0
1845,32,0,0
1846,240,3,0
1847,257,3,0
1848,53,0,0
1849,362,10,0
185,102,0,0
1850,11,0,0
1851,397,4,0
1852,67,0,0
1853,136,0,0
1854,219,0,0
1855,83,0,0
1856,66,0,0
1857,158,1,0
1858,172,4,0
1859,26,0,0
186,37,0,0
1860,293,0,0
1861,118,0,0
1862,13,0,0
1863,203,0,0
1864,170,0,0
1865,133,0,0
1868,193,0,0
1870,252,2,0
1871,2,0,0
1872,11,0,0
1873,91,0,0
1874,149,0,0
1875,430,1,0
1876,30,0,0
1877,82,0,0
1878,200,0,0
1879,331,0,0
188,201,3,0
1880,224,1,0
1881,550,0,0
1882,208,0,0
1883,164,0,0
1884,197,0,0
1885,105,2,0
1886,15,0,0
1887,15,0,0
1888,158,0,0
1889,236,0,0
189,79,1,0
1890,108,0,0
1891,13,0,0
1892,278,2,0
1893,15,0,0
1894,13,0,0
1895,14,0,0
1896,18,0,0
1897,38,0,0
1898,133,0,0
19,68,1,0
190,119,0,0
1900,26,0,0
1901,298,0,0
1902,10,0,0
1903,124,0,0
1904,209,0,0
1905,19,0,0
1906,227,0,0
1907,17,0,0
1908,17,0,0
1909,15,0,0
191,95,0,0
1912,257,0,0
1914,24,0,0
1917,2,0,0
1919,23,0,0
192,74,0,0
1920,17,0,0
1921,153,1,0
1923,70,0,0
1924,118,0,0
1926,30,0,0
1928,34,0,0
1929,12,0,0
1930,92,0,0
1932,284,0,0
1934,67,0,0
194,160,0,0
1940,21,0,0
195,129,0,0
1957,395,1,0
196,94,0,0
1963,14,0,0
1976,12,0,0
198,3,0,0
1980,244,1,0
1985,14,0,0
1989,134,0,0
2,1,0,0
20,206,0,0
200,179,0,0
2002,2,0,0
2004,178,0,0
2005,276,2,0
2006,199,0,0
2008,133,0,0
2009,164,3,0
201,128,0,0
2012,231,0,0
2013,112,0,0
2014,61,0,0
2018,265,4,0
202,216,0,0
2021,166,5,0
2022,9,0,0
2026,249,2,0
2028,310,4,0
2029,148,0,0
203,35,0,0
2030,140,0,0
2031,31,0,0
2032,518,5,0
2033,18,0,0
2034,29,0,0
2035,61,0,0
2036,2,0,0
2037,547,6,0
2038,53,0,0
2039,78,5,0
204,1,0,0
2040,13,0,0
2041,13,0,0
2042,23,0,0
2043,19,0,0
2044,182,0,0
2045,98,0,0
2047,1,0,0
2048,125,0,0
2049,277,0,0
2051,32,0,0
2052,157,1,0
2053,74,0,0
2054,32,0,0
2056,83,0,0
2057,268,0,0
2059,25,0,0
206,241,1,0
2060,281,0,0
2062,3,0,0
2063,143,0,0
2064,168,0,0
2066,57,0,0
2067,48,0,0
2068,155,1,0
2069,22,0,0
207,38,0,0
2073,2,0,0
2074,28,0,0
2077,2,0,0
2078,213,0,0
2079,12,0,0
208,114,6,0
2081,9,0,0
2083,11,0,0
2084,405,5,0
2085,137,1,0
2086,164,1,0
2088,73,0,0
2089,129,0,0
209,181,2,0
2090,5,0,0
2092,208,0,0
2094,115,0,0
2095,35,0,0
2096,1,0,0
2099,63,0,0
21,50,2,0
210,34,0,0
2102,162,0,0
2103,283,0,0
2105,64,0,0
2108,121,1,0
211,140,2,0
2110,37,0,0
2111,63,0,0
2118,43,0,0
2119,40,0,0
212,93,2,0
2120,54,0,0
2121,64,0,0
2122,16,0,0
2125,241,0,0
2127,158,0,0
2128,10,0,0
213,44,0,0
2131,4,0,0
2136,32,0,0
2139,76,0,0
214,52,0,0
2140,130,0,0
2141,147,0,0
2143,1,0,0
2148,3,0,0
215,68,0,0
2150,36,0,0
2155,87,2,0
2159,45,0,0
216,168,2,0
2163,3,0,0
2165,90,0,0
2166,1,0,0
2169,127,0,0
217,196,1,0
2170,88,0,0
2176,19,0,0
218,78,0,0
2183,3,0,0
2184,3,0,0
2188,10,0,0
2189,2,0,0
219,134,0,0
2192,57,0,0
2193,4,0,0
2198,259,5,0
2199,28,0,0
22,172,3,0
220,221,0,0
2200,277,1,0
2201,14,0,0
2202,27,0,0
2203,243,4,0
2204,106,0,0
2205,123,0,0
2208,108,0,0
2209,4,0,0
221,145,0,0
2210,151,2,0
2211,106,0,0
2212,192,0,0
2214,191,3,0
2215,217,1,0
2216,164,0,0
2217,67,0,0
2218,176,0,0
2219,183,0,0
222,66,2,0
2220,177,1,0
2221,273,0,0
2222,9,0,0
2223,22,0,0
2224,13,0,0
2225,8,0,0
2226,10,0,0
2227,17,0,0
2228,32,0,0
2229,15,0,0
223,104,0,0
2230,8,0,0
2231,23,0,0
2232,11,0,0
2233,22,0,0
2234,18,0,0
2235,11,0,0
2236,12,0,0
2237,8,0,0
2238,14,0,0
2239,10,0,0
224,105,0,0
2240,18,0,0
2241,37,0,0
2242,16,0,0
2243,34,0,0
2244,12,0,0
2245,20,0,0
2246,4,0,0
2247,21,0,0
2248,10,0,0
2249,5,0,0
2250,15,0,0
2251,55,0,0
2252,19,0,0
2253,35,0,0
2254,4,0,0
2255,7,0,0
2256,18,0,0
2257,31,0,0
2258,18,0,0
2259,108,5,0
226,126,0,0
2261,12,0,0
2262,26,0,0
2264,24,0,0
2265,3,0,0
2266,26,0,0
2267,6,0,0
227,226,0,0
2274,65,0,0
2276,5,0,0
2277,18,0,0
2278,101,0,0
2279,4,0,0
228,61,1,0
2283,128,0,0
2284,179,0,0
229,126,0,0
2294,152,0,0
2295,14,0,0
2298,98,0,0
2299,233,0,0
23,54,0,0
230,129,0,0
2300,11,0,0
2302,4,0,0
2303,306,0,0
2306,22,0,0
2307,340,20,0
2309,5,0,0
231,39,0,0
2311,322,0,0
2312,204,1,0
2315,44,0,0
2316,13,0,0
2317,39,0,0
2318,94,0,0
2319,163,0,0
232,31,0,0
2320,94,0,0
2321,96,0,0
2322,111,0,0
2323,21,0,0
2324,83,0,0
2325,127,0,0
2326,97,0,0
2327,91,0,0
2328,50,0,0
2329,4,0,0
233,1,0,0
2330,4,0,0
2331,41,0,0
2332,292,0,0
2333,325,0,0
2334,104,0,0
2335,99,0,0
2336,200,2,0
2337,255,2,0
2338,25,0,0
234,105,0,0
2340,7,0,0
2341,4,0,0
2342,128,0,0
2343,91,0,0
2344,5,0,0
2345,91,0,0
2346,47,2,0
2347,124,1,0
2348,91,0,0
2349,109,0,0
235,86,0,0
2350,151,0,0
2351,237,1,0
2352,134,0,0
2353,93,0,0
2354,297,7,0
2355,3,0,0
2356,91,0,0
2357,437,0,0
2358,326,0,0
2359,144,0,0
236,133,0,0
2360,151,0,0
2361,176,0,0
2362,44,0,0
2363,4,0,0
2364,138,0,0
2365,32,0,0
2366,23,0,0
2367,193,0,0
2368,143,0,0
2369,252,3,0
237,123,0,0
2370,119,0,0
2371,31,0,0
2372,133,0,0
2373,128,0,0
2374,250,0,0
2375,196,0,0
2377,43,0,0
2378,40,0,0
2379,99,1,0
238,190,0,0
2380,86,0,0
2381,99,0,0
2382,178,0,0
2383,237,0,0
2384,178,0,0
2385,17,0,0
2386,109,1,0
2387,268,0,0
2388,132,0,0
2389,130,0,0
239,178,0,0
2390,82,0,0
2391,41,0,0
2393,65,0,0
2394,57,1,0
2395,19,0,0
2396,82,0,0
2397,134,0,0
2398,83,0,0
2399,147,0,0
24,39,0,0
240,168,1,0
2400,149,1,0
2401,75,0,0
2402,116,0,0
2403,452,3,0
2404,236,0,0
2405,87,0,0
2406,200,0,0
2407,116,0,0
2408,135,0,0
2409,110,0,0
241,144,0,0
2410,309,1,0
2411,29,0,0
2412,206,0,0
2413,340,5,0
2414,168,1,0
2415,158,0,0
2416,209,2,0
2417,134,2,0
2418,188,2,0
2419,94,0,0
242,143,0,0
2420,110,0,0
2421,41,0,0
2422,116,0,0
2423,4,0,0
2424,122,0,0
2425,13,0,0
2426,15,0,0
2427,207,0,0
2428,123,0,0
2429,158,0,0
243,124,0,0
2430,72,0,0
2431,199,1,0
2432,223,0,0
2433,228,0,0
2434,183,0,0
2435,62,0,0
2436,110,0,0
2437,133,0,0
2438,3,0,0
2439,155,0,0
244,170,0,0
2440,124,0,0
2441,96,0,0
2442,203,0,0
2443,137,0,0
2444,378,0,0
2445,189,2,0
2446,507,1,0
2447,65,0,0
2448,198,0,0
2449,267,0,0
245,126,0,0
2450,146,0,0
2451,273,5,0
2452,283,0,0
2453,189,0,0
2454,120,0,0
2455,120,0,0
2456,64,0,0
2457,55,0,0
2458,23,0,0
2459,11,0,0
246,194,0,0
2460,41,0,0
2461,91,0,0
2462,2,0,0
2463,236,0,0
2464,162,0,0
2465,128,0,0
2466,128,0,0
2467,309,1,0
2468,140,0,0
2469,229,0,0
247,34,0,0
2470,142,0,0
2471,124,0,0
2472,9,0,0
2473,108,0,0
2474,130,0,0
2475,121,2,0
2476,128,0,0
2477,3,0,0
2478,4,0,0
2479,122,0,0
248,128,5,0
2480,53,0,0
2481,89,0,0
2482,118,0,0
2483,77,0,0
2484,154,0,0
2485,105,0,0
2486,35,0,0
2487,133,0,0
2488,57,0,0
2489,126,0,0
249,156,0,0
2490,106,0,0
2491,180,1,0
2492,210,0,0
2493,3,0,0
2494,132,2,0
2495,2,0,0
2496,195,0,0
2497,105,0,0
2498,321,0,0
2499,5,0,0
25,156,5,0
2500,4,0,0
2501,66,0,0
2502,153,0,0
2503,35,0,0
2504,19,0,0
2505,114,0,0
2506,10,0,0
2507,22,0,0
2508,4,0,0
2509,204,11,0
251,61,0,0
2510,4,0,0
2511,60,0,0
2512,122,0,0
2513,2,0,0
2514,32,0,0
2515,2,0,0
2516,15,1,0
2517,222,0,0
2518,281,0,0
2519,7,0,0
252,43,0,0
2520,3,0,0
2521,40,0,0
2522,19,0,0
2523,39,2,0
2524,21,0,0
2525,15,0,0
2526,42,0,0
2527,43,0,0
2528,21,0,0
2529,40,0,0
253,122,4,0
2530,25,0,0
2531,31,0,0
2532,275,0,0
2533,36,0,0
2534,15,0,0
2535,37,0,0
2536,30,0,0
2537,26,0,0
2538,39,0,0
2539,21,0,0
254,142,0,0
2540,40,0,0
2541,2,0,0
2542,38,0,0
2543,36,0,0
2544,453,1,0
2545,19,0,0
2546,23,3,0
2547,40,0,0
2548,34,0,0
2549,1,0,0
255,104,0,0
2550,31,0,0
2552,38,0,0
2553,17,0,0
2554,7,0,0
2557,11,0,0
256,70,0,0
2560,30,0,0
2561,32,0,0
2562,4,0,0
2563,91,1,0
2564,4,0,0
2565,31,0,0
2566,49,0,0
2567,1,0,0
2568,3,0,0
2569,167,1,0
257,112,0,0
2570,5,0,0
2571,35,1,0
2572,5,0,0
2573,1,0,0
2574,318,1,0
2575,76,0,0
2577,303,6,0
2578,37,0,0
2579,329,0,0
2580,172,5,0
2581,277,0,0
2582,304,3,0
2583,39,3,0
2584,16,0,0
2585,63,0,0
2586,370,0,0
2587,38,0,0
2588,193,2,0
2589,194,10,0
2590,324,1,0
2591,91,1,0
2592,39,2,0
2593,172,7,0
2595,91,12,0
2597,324,3,0
2598,183,0,0
2599,142,0,0
26,96,1,0
2600,25,0,0
2602,49,1,0
2603,45,0,0
2604,276,0,0
2605,71,0,0
2606,108,4,0
2607,36,0,0
2608,70,0,0
2609,58,6,0
2610,138,0,0
2611,55,0,0
2612,435,0,0
2613,46,0,0
2614,28,0,0
2615,230,16,0
2616,58,0,0
2617,37,2,0
2618,62,4,0
2619,136,2,0
2620,257,0,0
2621,139,2,0
2622,210,41,0
2623,30,9,0
2624,18,1,0
2625,82,0,0
2626,268,0,0
2627,111,0,0
2628,182,0,0
2629,155,0,0
2630,37,1,0
2631,59,8,0
2632,271,0,0
2633,179,2,0
2634,181,2,0
2635,40,0,0
2636,51,0,0
2637,165,0,0
2638,31,1,0
2639,56,0,0
2640,54,5,0
2641,140,1,0
2643,380,11,0
2646,4,0,0
2647,2,0,0
2649,198,0,0
2650,40,0,0
2652,45,1,0
2654,92,3,0
2655,33,0,0
2656,98,0,0
2658,41,1,0
2660,46,0,0
2662,104,0,0
2666,36,0,0
2667,24,0,0
2668,385,0,0
2669,44,0,0
2670,18,0,0
2671,31,0,0
2672,54,0,0
2673,2,0,0
2674,68,3,0
2675,23,0,0
2676,26,0,0
2677,196,1,0
2678,32,0,0
2679,166,2,0
2680,53,0,0
2681,10,0,0
2682,50,1,0
2683,39,0,0
2684,13,0,0
2685,167,2,0
2686,423,5,0
2687,223,1,0
2688,162,0,0
2689,32,0,0
2690,31,0,0
2691,219,0,0
2692,22,0,0
2693,73,0,0
2694,167,19,0
2695,31,0,0
2696,152,0,0
2697,40,0,0
2698,87,0,0
2699,51,0,0
27,90,0,0
2700,37,0,0
2702,36,0,0
2703,25,0,0
2704,42,0,0
2705,24,0,0
2706,21,0,0
2707,206,3,0
2709,12,0,0
2710,188,1,0
2711,455,1,0
2712,41,5,0
2713,14,0,0
2714,1,0,0
2718,35,0,0
2720,2,0,0
2721,19,0,0
2722,45,0,0
2723,30,0,0
2724,47,3,0
2726,5,0,0
2728,166,6,0
2729,1,0,0
2730,188,1,0
2733,71,0,0
2734,113,0,0
2735,1,0,0
2737,21,0,0
2738,239,0,0
2740,50,1,0
2741,149,0,0
2742,4,0,0
2743,271,0,0
2746,5,0,0
2747,177,9,0
2749,1,0,0
2750,9,0,0
2752,3,0,0
2753,4,0,0
2754,155,0,0
2755,6,0,0
2756,29,2,0
2757,59,0,0
2758,4,0,0
2759,4,0,0
2760,5,0,0
2761,198,0,0
2762,1,0,0
2763,47,0,0
2764,3,0,0
2767,68,0,0
2768,104,0,0
2769,4,0,0
2770,168,2,0
2771,160,0,0
2772,26,0,0
2773,4,0,0
2774,37,1,0
2775,110,0,0
2776,84,0,0
2777,197,0,0
2778,34,1,0
2780,88,0,0
2781,125,1,0
2783,117,0,0
2784,73,2,0
2785,106,4,0
2786,128,0,0
2787,100,0,0
2788,165,0,0
2789,131,3,0
2790,118,2,0
2791,35,1,0
2792,52,2,0
2793,140,1,0
2794,88,0,0
2795,68,1,0
2796,145,1,0
2797,107,2,0
2798,113,3,0
2799,211,1,0
28,149,0,0
2800,109,1,0
2802,124,0,0
2804,135,0,0
2805,120,2,0
2806,16,0,0
2807,156,1,0
2808,151,0,0
2809,61,1,0
2810,100,0,0
2811,99,2,0
2812,2,0,0
2813,175,1,0
2814,3,0,0
2815,58,0,0
2816,28,1,0
2817,46,1,0
2818,124,4,0
2819,95,2,0
2820,130,0,0
2821,114,1,0
2822,7,0,0
2823,26,0,0
2824,40,0,0
2825,95,0,0
2826,35,0,0
2827,34,0,0
2828,70,0,0
2830,48,0,0
2831,34,0,0
2832,24,0,0
2833,25,0,0
2834,62,0,0
2835,40,0,0
2885,199,0,0
2886,22,0,0
2887,45,0,0
2888,16,0,0
2890,33,1,0
2891,5,0,0
2892,152,1,0
2893,1,0,0
2894,20,0,0
2895,331,2,0
2896,145,1,0
2897,60,0,0
2898,62,0,0
2899,53,0,0
29,132,7,0
2900,42,0,0
2950,5,0,0
2951,4,0,0
2954,1,0,0
2955,36,1,0
2956,34,0,0
2957,40,0,0
2958,61,0,0
2959,48,1,0
2960,33,5,0
2961,48,2,0
2962,25,0,0
2963,38,0,0
2964,29,2,0
2965,67,3,0
2966,35,0,0
2968,198,0,0
2971,15,0,0
2973,22,0,0
2974,41,0,0
2976,18,0,0
2979,37,1,0
2981,59,1,0
2982,11,0,0
2983,12,0,0
2985,1,0,0
2987,7,0,0
2990,1,0,0
2991,1,0,0
2992,1,1,0
2997,1,0,0
3,604,0,0
30,81,2,0
3003,26,0,0
3006,1,0,0
3007,2,0,0
3009,52,2,0
3010,14,0,0
3011,5,0,0
3012,36,0,0
3013,4,0,0
3015,4,0,0
3017,2,0,0
3019,2,0,0
3021,2,0,0
3022,2,0,0
3023,2,0,0
3024,2,0,0
3030,68,0,0
3031,9,0,0
3032,78,0,0
3033,116,0,0
3034,175,0,0
3035,84,0,0
3036,48,0,0
3037,40,0,0
3038,30,0,0
3039,40,0,0
3040,24,0,0
3041,43,0,0
3042,36,0,0
3043,77,0,0
3044,48,0,0
3045,53,0,0
3046,54,0,0
3047,23,2,0
3048,76,0,0
3049,32,0,0
3050,30,0,0
3051,50,0,0
3052,65,0,0
3053,23,4,0
3054,69,0,0
3055,45,0,0
3056,42,0,0
3057,18,0,0
3058,37,0,0
3060,44,0,0
3061,41,0,0
3062,16,2,0
3065,51,0,0
3066,36,0,0
3067,48,0,0
3068,47,0,0
3069,41,0,0
3070,31,0,0
3071,35,0,0
3072,99,0,0
3073,14,2,0
3074,26,0,0
3075,25,0,0
3076,75,0,0
3078,28,0,0
3079,17,2,0
3080,58,0,0
3081,30,1,0
3083,26,0,0
3084,66,0,0
3085,5,0,0
3086,18,0,0
3087,23,0,0
3088,1,0,0
3089,20,0,0
3090,35,0,0
3091,26,1,0
3092,31,0,0
3093,29,0,0
3094,38,0,0
3095,26,0,0
3096,54,0,0
3097,22,0,0
3098,34,0,0
3099,30,0,0
31,134,1,0
3100,24,0,0
3102,32,0,0
3103,41,0,0
3104,48,0,0
3105,158,1,0
3106,26,0,0
3107,49,0,0
3108,53,0,0
3109,12,0,0
3110,19,2,0
3111,29,0,0
3112,32,0,0
3113,33,0,0
3115,85,0,0
3116,44,0,0
3117,19,0,0
3119,27,0,0
3120,25,0,0
3121,73,0,0
3122,38,0,0
3125,17,1,0
3126,42,0,0
3127,33,0,0
3128,38,0,0
3129,31,0,0
3130,6,0,0
3131,42,0,0
3132,23,0,0
3133,71,0,0
3134,27,1,0
3135,24,0,0
3136,22,1,0
3137,30,5,0
3138,19,0,0
3139,34,0,0
3140,212,0,0
3141,15,0,0
3142,45,0,0
3143,39,0,0
3144,32,1,0
3145,22,1,0
3146,34,0,0
3147,49,0,0
3149,24,3,0
3150,39,0,0
3151,82,0,0
3152,46,0,0
3153,112,0,0
3154,21,2,0
3155,4,0,0
3157,16,4,0
3158,100,0,0
3159,25,0,0
3160,48,0,0
3161,33,2,0
3162,14,0,0
3163,30,0,0
3164,31,0,0
3165,30,0,0
3166,37,0,0
3167,36,0,0
3168,15,0,0
3169,80,2,0
3170,46,0,0
3171,60,0,0
3172,43,0,0
3173,107,0,0
3174,24,0,0
3175,23,0,0
3176,24,1,0
3177,44,0,0
3178,26,0,0
3179,38,0,0
3180,17,0,0
3181,42,0,0
3182,92,2,0
3183,65,0,0
3184,316,2,0
3185,265,0,0
3186,165,2,0
3187,214,1,0
3188,383,2,0
3189,204,0,0
3190,225,2,0
3191,203,0,0
3192,35,1,0
3193,38,0,0
3194,194,4,0
3195,267,0,0
3196,57,0,0
3197,51,2,0
3198,19,0,0
32,184,0,0
3200,59,0,0
3201,231,6,0
3202,213,3,0
3203,197,7,0
3204,66,1,0
3205,252,2,0
3206,175,2,0
3207,191,3,0
3208,164,0,0
3209,1,0,0
3210,217,1,0
3211,149,2,0
3212,308,3,0
3213,273,3,0
3214,387,2,0
3215,154,7,0
3216,280,1,0
3217,33,2,0
3218,135,2,0
3219,122,4,0
3220,258,5,0
3221,55,0,0
3223,5,0,0
3224,175,1,0
3225,193,3,0
3226,45,2,0
3227,256,7,0
3228,260,4,0
3229,118,2,0
3230,401,0,0
3231,275,0,0
3232,246,12,0
3235,155,0,0
3236,186,0,0
3237,57,2,0
3238,156,8,0
3239,114,9,0
3240,90,0,0
3241,173,0,0
3242,200,0,0
3243,41,0,0
3244,63,0,0
3245,8,0,0
3248,195,0,0
3249,12,0,0
3250,202,2,0
3253,3,0,0
3254,25,0,0
3255,11,0,0
3256,7,0,0
3257,21,0,0
3258,11,0,0
3260,7,0,0
3261,4,0,0
3262,23,0,0
3263,19,0,0
3264,19,0,0
3265,1,0,0
3266,41,0,0
3267,26,2,0
3268,37,1,0
3269,30,0,0
3270,31,0,0
3271,5,0,0
3274,3,0,0
3275,28,1,0
3276,11,0,0
3277,41,0,0
3278,9,0,0
3279,7,0,0
3280,41,0,0
3282,33,0,0
3283,51,0,0
3285,62,0,0
3287,2,0,0
3288,5,1,0
3292,11,0,0
3294,54,0,0
3296,2,0,0
3298,3,0,0
3299,1,0,0
33,83,0,0
3303,7,0,0
3304,1,0,0
3305,9,0,0
3306,5,0,0
3307,73,0,0
3308,4,0,0
3359,38,0,0
3360,45,3,0
3361,44,0,0
3362,475,4,0
3364,72,5,0
3365,38,0,0
3366,19,4,0
3367,44,0,0
3368,38,0,0
3369,16,0,0
3370,237,1,0
3371,18,0,0
3372,14,0,0
3373,54,0,0
3374,4,0,0
3375,33,2,0
3378,73,0,0
3379,30,2,0
3380,48,0,0
3381,52,0,0
3382,14,0,0
3383,46,0,0
3384,30,0,0
3385,34,5,0
3387,79,2,0
3388,178,0,0
3389,5,0,0
3390,68,0,0
3391,83,0,0
3392,82,2,0
3393,216,0,0
3394,122,0,0
3395,56,0,0
3396,46,2,0
3397,128,2,0
3398,58,1,0
3399,132,0,0
34,134,0,0
3400,73,0,0
3401,260,5,0
3402,17,1,0
3403,17,0,0
3404,226,0,0
3405,68,0,0
3406,41,3,0
3407,29,3,0
3408,185,0,0
3409,8,0,0
3410,27,1,0
3411,39,0,0
3414,57,0,0
3415,27,0,0
3416,18,2,0
3417,3,0,0
3418,4,1,0
3419,21,0,0
3421,61,1,0
3422,76,5,0
3423,46,0,0
3424,27,0,0
3425,44,2,0
3427,19,2,0
3428,35,7,0
3429,18,3,0
3430,53,0,0
3431,45,3,0
3432,33,0,0
3433,64,4,0
3434,21,3,0
3436,56,1,0
3437,19,4,0
3438,33,2,0
3439,44,4,0
3440,25,0,0
3441,65,0,0
3442,57,7,0
3443,31,4,0
3445,46,4,0
3446,46,0,0
3448,31,0,0
3449,13,2,0
3451,4,1,0
3452,50,4,0
3453,46,0,0
3454,50,0,0
3455,31,0,0
3456,23,0,0
3457,45,0,0
3458,26,0,0
3459,7,0,0
3460,4,0,0
3461,24,1,0
3462,115,0,0
3463,36,1,0
3464,62,0,0
3465,38,1,0
3466,46,0,0
3467,1,0,0
3468,40,0,0
3469,46,0,0
3470,62,0,0
3471,46,0,0
3472,25,2,0
3473,35,0,0
3474,45,0,0
3475,40,0,0
3476,42,1,0
3478,91,2,0
3479,37,0,0
3480,43,0,0
3481,53,0,0
3482,57,0,0
3483,20,0,0
3484,17,1,0
3485,7,0,0
3487,34,2,0
3488,3,0,0
3490,215,0,0
3491,280,0,0
3492,74,0,0
3493,39,0,0
3494,30,0,0
3495,257,0,0
3496,324,1,0
3497,20,0,0
3498,35,0,0
3499,93,6,0
3500,125,0,0
3501,64,0,0
3502,254,0,0
3503,55,3,0
3504,44,0,0
3505,37,1,0
3506,2,0,0
3507,72,0,0
3508,44,2,0
3510,129,2,0
3511,4,0,0
3513,26,2,0
3514,146,2,0
3516,67,0,0
3517,174,0,0
3518,335,1,0
3519,50,0,0
3520,128,0,0
3521,25,2,0
3522,93,5,0
3523,62,3,0
3524,104,0,0
3525,48,0,0
3526,265,3,0
3527,3,2,0
3528,327,0,0
3529,328,0,0
3530,58,1,0
3531,98,0,0
3532,74,0,0
3533,63,0,0
3536,19,3,0
3546,4,0,0
3547,19,0,0
3548,38,0,0
3549,18,0,0
3550,115,2,0
3551,158,0,0
3553,54,0,0
3554,7,0,0
3555,255,0,0
3556,16,0,0
3557,48,0,0
3560,1,0,0
3561,3,0,0
3562,7,0,0
3563,8,1,0
3564,10,0,0
3565,22,0,0
3566,3,0,0
3567,100,0,0
3568,43,0,0
3569,23,0,0
3571,5,0,0
3572,69,0,0
3573,8,0,0
3574,4,0,0
3575,11,1,0
3576,10,0,0
3577,198,2,0
3578,11,0,0
3579,4,1,0
3580,41,0,0
3582,6,0,0
3583,3,0,0
3584,7,0,0
3585,5,0,0
3586,29,0,0
3587,3,0,0
3588,11,0,0
3589,6,0,0
3590,14,0,0
3591,9,0,0
3592,23,0,0
3593,15,0,0
3594,26,0,0
3595,19,0,0
3597,58,0,0
3598,13,0,0
3599,10,0,0
3602,2,0,0
3603,11,0,0
3604,23,0,0
3605,22,0,0
3606,8,0,0
3608,20,0,0
3609,55,2,0
3610,29,1,0
3616,34,0,0
3617,6,0,0
3618,9,0,0
3619,24,0,0
3621,212,3,0
3622,31,0,0
3624,16,0,0
3625,33,0,0
3626,30,0,0
3628,8,0,0
3629,23,0,0
3630,31,0,0
3631,20,0,0
3632,48,0,0
3633,39,0,0
3634,14,0,0
3635,59,0,0
3636,24,0,0
3640,14,0,0
3641,1,0,0
3646,51,0,0
3647,15,0,0
3649,108,0,0
3651,28,0,0
3652,9,0,0
3653,75,0,0
3654,52,0,0
3658,16,0,0
3659,26,0,0
3661,19,0,0
3662,79,0,0
3663,9,0,0
3665,60,0,0
3666,102,0,0
3670,41,0,0
3671,34,0,0
3672,2,0,0
3673,9,0,0
3675,26,0,0
3676,57,2,0
3678,21,0,0
3679,1,0,0
3680,66,2,0
3681,60,1,0
3683,56,0,0
3685,31,0,0
3687,206,0,0
3688,238,0,0
3689,154,3,0
3690,44,6,0
3691,131,0,0
3692,94,0,0
3693,207,0,0
3694,49,0,0
3697,157,0,0
3699,49,0,0
37,16,6,0
3700,7,0,0
3701,13,0,0
3703,78,0,0
3704,17,0,0
3705,84,0,0
3706,35,0,0
3707,283,7,0
3708,231,0,0
3709,57,0,0
3710,4,0,0
3711,7,2,0
3712,26,0,0
3713,22,0,0
3715,53,0,0
3716,30,0,0
3717,78,0,0
3718,20,0,0
3719,51,0,0
3720,7,0,0
3721,3,0,0
3722,5,0,0
3723,46,0,0
3724,16,0,0
3725,95,0,0
3726,137,0,0
3727,273,0,0
3728,200,1,0
3729,80,1,0
3730,75,0,0
3731,209,6,0
3732,42,0,0
3733,146,2,0
3734,136,0,0
3735,57,0,0
3736,100,1,0
3737,102,0,0
3738,236,3,0
3739,116,0,0
3740,37,0,0
3741,126,1,0
3742,146,2,0
3743,111,0,0
3744,102,1,0
3745,253,0,0
3746,116,1,0
3747,220,0,0
3748,239,0,0
3749,6,0,0
3750,36,0,0
3751,26,0,0
3752,86,0,0
3753,66,0,0
3754,85,3,0
3755,117,0,0
3756,12,0,0
3757,99,1,0
3758,173,1,0
3759,5,0,0
3760,74,1,0
3761,145,1,0
3762,170,0,0
3763,83,0,0
3764,85,8,0
3765,39,0,0
3766,87,0,0
3767,62,0,0
3768,131,2,0
3769,203,1,0
3771,46,0,0
3772,16,0,0
3773,30,0,0
3777,85,1,0
3778,138,6,0
3779,8,0,0
3780,75,0,0
3781,6,0,0
3782,52,0,0
3783,101,1,0
3784,5,0,0
3786,239,2,0
3787,35,0,0
3788,201,3,0
3789,141,0,0
3790,36,0,0
3791,1,0,0
3792,91,0,0
3793,26,0,0
3794,24,0,0
3795,56,1,0
3796,18,0,0
3797,32,2,0
3798,134,2,0
3799,119,0,0
38,74,2,0
3800,43,3,0
3801,19,1,0
3802,67,4,0
3803,22,0,0
3805,38,0,0
3806,47,9,0
3807,54,0,0
3808,27,0,0
3809,70,0,0
3810,32,3,0
3811,27,2,0
3812,27,0,0
3813,28,0,0
3814,53,2,0
3815,34,2,0
3816,29,12,0
3817,32,2,0
3818,61,0,0
3819,35,0,0
3820,37,0,0
3821,25,0,0
3822,48,4,0
3823,33,0,0
3824,34,0,0
3825,30,1,0
3827,30,4,0
3828,33,0,0
3829,40,0,0
3830,82,4,0
3831,1,0,0
3832,17,2,0
3833,65,1,0
3834,23,1,0
3835,131,4,0
3836,50,4,0
3837,37,0,0
3838,14,0,0
3839,36,2,0
3840,49,0,0
3841,177,4,0
3842,11,0,0
3843,21,0,0
3844,37,1,0
3845,3,0,0
3846,64,0,0
3847,93,1,0
3848,17,0,0
3850,70,0,0
3851,50,6,0
3852,73,0,0
3853,2,0,0
3854,106,0,0
3856,59,1,0
3857,4,0,0
3858,29,0,0
3859,40,0,0
3860,60,0,0
3861,79,0,0
3862,60,0,0
3864,4,0,0
3865,62,0,0
3867,25,0,0
3868,170,3,0
3869,127,2,0
3870,53,0,0
3872,175,22,0
3873,218,0,0
3876,2,0,0
3877,2,0,0
3878,295,9,0
3880,68,0,0
3882,56,0,0
3883,6,0,0
3884,3,0,0
3885,15,0,0
3886,30,0,0
3887,45,0,0
3888,66,0,0
3889,10,0,0
3890,54,0,0
3891,68,0,0
3892,57,0,0
3893,66,0,0
3894,64,0,0
3895,54,0,0
3896,7,0,0
3897,55,0,0
3898,43,0,0
3899,60,0,0
39,19,1,0
3900,69,0,0
3901,59,0,0
3902,45,0,0
3903,205,0,0
3904,46,0,0
3905,21,0,0
3906,22,0,0
3907,90,0,0
3908,19,0,0
3909,27,0,0
3910,87,0,0
3911,42,1,0
3912,36,3,0
3913,52,0,0
3915,51,0,0
3916,28,1,0
3917,114,0,0
3918,5,0,0
3919,37,0,0
3920,34,2,0
3922,60,0,0
3923,22,0,0
3924,3,0,0
3925,10,0,0
3926,50,0,0
3927,32,0,0
3928,21,0,0
3929,44,0,0
3930,1,0,0
3931,73,0,0
3932,1,0,0
3933,35,0,0
3934,3,0,0
3936,111,0,0
3937,24,0,0
3938,89,0,0
3939,104,0,0
3940,152,4,0
3941,80,0,0
3942,171,0,0
3943,71,0,0
3944,82,0,0
3945,48,0,0
3946,71,0,0
3947,111,0,0
3949,71,0,0
3950,7,0,0
3951,3,0,0
3952,192,0,0
3953,108,0,0
3954,91,0,0
3955,121,2,0
3956,241,16,0
3957,133,0,0
3958,100,0,0
3959,67,2,0
3960,160,0,0
3961,80,0,0
3962,213,0,0
3963,203,0,0
3964,116,2,0
3965,179,0,0
3966,77,0,0
3967,103,2,0
3968,117,0,0
3969,170,2,0
3970,86,0,0
3971,92,0,0
3972,3,0,0
3973,98,0,0
3974,52,0,0
3975,16,0,0
3978,179,0,0
3979,22,0,0
3981,82,0,0
3982,4,0,0
3983,162,0,0
3984,293,1,0
3985,143,1,0
3986,170,0,0
3987,133,0,0
3988,78,0,0
3989,148,0,0
3990,84,0,0
3991,145,0,0
3992,164,0,0
3993,255,0,0
3994,747,0,0
3995,184,0,0
3997,172,0,0
3998,150,3,0
3999,70,3,0
4,117,0,0
40,85,3,0
4000,131,0,0
4001,152,0,0
4002,200,3,0
4003,165,3,0
4004,3,0,0
4005,238,0,0
4006,91,0,0
4007,14,0,0
4009,302,0,0
4010,4,0,0
4011,117,0,0
4012,91,0,0
4013,118,2,0
4014,62,3,0
4016,5,0,0
4017,15,0,0
4018,149,1,0
4019,60,1,0
4021,6,0,0
4022,6,0,0
4023,388,0,0
4024,18,0,0
4025,34,0,0
4026,65,0,0
4027,33,0,0
4028,47,0,0
4029,18,0,0
4030,49,1,0
4031,51,0,0
4033,15,0,0
4034,72,0,0
4035,12,0,0
4037,143,1,0
4038,178,2,0
4039,174,2,0
4040,223,14,0
4041,181,1,0
4042,96,4,0
4043,113,3,585
4044,47,0,189
4045,10,0,0
4046,10,0,0
4048,65,2,0
4049,44,2,0
4050,64,4,0
4051,44,0,1345
4052,19,0,1
4053,90,0,0
4054,5,0,0
4055,33,7,1005
4056,106,0,0
4057,56,2,0
4058,8286,132,900
4059,110,2,0
4060,100,8,0
4061,71,0,0
4062,71,6,0
4063,36,12,0
4064,125,4,598
4065,36,0,0
4066,71,2,0
4067,114,0,0
4068,66,0,0
4069,142,4,84
4070,11,0,0
4071,48,0,369
4072,74,0,0
4073,64,10,0
4074,21,1,0
4075,50,0,0
4076,70,0,516
4077,16,0,460
4078,44,0,0
4079,20,0,0
4080,58,0,0
4081,88,8,0
4082,128,0,1137
4083,37,5,0
4084,132,11,0
41,115,1,0
43,158,0,0
44,108,0,0
45,83,0,0
457,13,0,0
458,1,0,0
459,18,0,0
46,23,0,0
460,7,0,0
461,52,0,0
462,61,0,0
463,1,0,0
464,112,2,0
465,44,0,0
466,139,0,0
467,248,0,0
468,142,0,0
469,64,0,0
47,46,0,0
470,151,0,0
471,110,0,0
472,155,0,0
473,173,0,0
474,311,1,0
475,100,0,0
476,12,0,0
477,122,0,0
478,107,3,0
479,66,2,0
48,136,1,0
480,110,0,0
481,85,0,0
482,116,0,0
483,110,0,0
484,92,0,0
485,14,0,0
486,47,0,0
487,68,0,0
488,65,0,0
489,92,0,0
49,174,3,0
490,239,0,0
491,74,0,0
492,157,2,0
493,7,0,0
494,71,0,0
495,171,0,0
496,155,0,0
497,95,0,0
498,56,0,0
499,74,0,0
5,2,0,0
50,62,0,0
500,60,0,0
501,77,0,0
502,51,0,0
503,75,0,0
504,77,0,0
505,31,0,0
506,64,0,0
507,42,0,0
508,79,0,0
509,4,0,0
51,57,0,0
510,37,0,0
511,41,0,0
512,46,0,0
513,81,0,0
514,93,0,0
515,125,0,0
516,115,0,0
517,29,0,0
518,78,0,0
519,70,0,0
520,3,0,0
521,87,0,0
522,39,0,0
523,4,0,0
524,9,0,0
525,138,0,0
526,305,0,0
527,320,1,0
528,99,0,0
529,177,0,0
53,29,5,0
530,72,0,0
531,13,0,0
532,75,0,0
533,87,0,0
534,97,0,0
535,67,7,0
536,118,0,0
537,14,0,0
538,255,2,0
539,95,0,0
54,197,0,0
540,233,0,0
541,131,0,0
542,275,0,0
543,34,0,0
544,178,0,0
545,162,0,0
546,54,0,0
547,110,0,0
548,11,0,0
549,9,0,0
55,52,4,0
550,38,0,0
551,122,0,0
552,53,0,0
553,54,0,0
554,151,1,0
555,97,0,0
556,30,0,0
557,54,0,0
558,31,0,0
559,222,0,0
560,85,0,0
561,170,0,0
562,46,0,0
563,70,0,0
564,71,0,0
565,280,2,0
566,181,0,0
567,8,0,0
568,78,0,0
569,195,0,0
57,48,1,0
570,75,0,0
571,93,0,0
572,100,0,0
573,1,0,0
574,89,0,0
575,66,0,0
576,9,0,0
577,139,0,0
578,35,0,0
579,65,0,0
58,62,1,0
580,93,0,0
581,4,0,0
582,77,0,0
583,55,0,0
584,6,0,0
585,48,0,0
586,159,0,0
587,67,0,0
588,68,0,0
589,20,0,0
59,157,0,0
590,155,0,0
591,77,0,0
592,118,0,0
593,111,0,0
594,252,0,0
595,145,0,0
596,151,0,0
597,65,0,0
598,118,0,0
599,74,0,0
6,90,0,0
60,149,2,0
600,24,0,0
601,14,0,0
602,12,0,0
603,6,0,0
604,28,0,0
605,227,0,0
606,56,0,0
607,61,0,0
608,253,0,0
609,306,0,0
61,228,2,0
610,284,0,0
611,15,0,0
612,190,0,0
613,43,0,0
614,83,0,0
615,63,0,0
616,38,0,0
617,106,0,0
618,232,0,0
619,52,0,0
62,170,0,0
620,131,0,0
621,69,0,0
622,13,0,0
623,39,0,0
624,117,0,0
625,74,0,0
626,113,0,0
627,142,0,0
628,4,0,0
629,109,0,0
63,91,2,0
630,63,0,0
631,106,0,0
632,95,3,0
633,3,0,0
634,24,0,0
636,172,0,0
637,49,0,0
638,12,0,0
639,165,0,0
640,109,0,0
641,283,0,0
642,64,1,0
643,36,0,0
644,169,0,0
645,122,0,0
646,197,0,0
647,22,0,0
649,137,0,0
65,158,0,0
650,41,0,0
651,212,0,0
653,21,0,0
654,116,0,0
655,89,0,0
657,78,0,0
658,296,1,0
659,7,0,0
66,237,0,0
660,75,0,0
661,219,0,0
662,289,0,0
663,133,3,0
664,153,6,0
665,3,0,0
666,9,0,0
667,192,0,0
668,13,0,0
669,18,0,0
670,26,0,0
671,50,0,0
672,149,1,0
673,53,0,0
674,103,0,0
675,91,0,0
676,55,0,0
677,28,0,0
678,6,0,0
679,187,0,0
68,108,0,0
680,81,0,0
681,45,0,0
682,18,0,0
683,71,0,0
684,242,0,0
685,192,0,0
686,113,0,0
687,174,0,0
688,16,0,0
689,179,0,0
69,64,1,0
692,11,0,0
693,249,0,0
694,84,0,0
695,65,0,0
696,12,0,0
697,82,0,0
698,138,0,0
699,111,1,0
7,2,0,0
700,69,0,0
701,137,0,0
702,128,0,0
703,70,0,0
704,221,0,0
705,19,0,0
706,205,1,0
707,11,0,0
708,6,0,0
710,104,0,0
711,84,0,0
712,31,0,0
713,1,0,0
714,185,0,0
715,12,0,0
716,7,0,0
717,69,2,0
718,103,0,0
719,55,2,0
72,102,0,0
720,130,0,0
721,54,0,0
722,2,0,0
723,26,0,0
724,34,0,0
725,23,2,0
726,29,0,0
727,56,0,0
728,12,6,0
729,39,0,0
73,109,0,0
730,34,0,0
731,51,0,0
732,37,0,0
733,26,3,0
734,36,0,0
735,57,2,0
736,27,0,0
737,58,0,0
738,97,0,0
739,100,0,0
74,143,8,0
740,40,4,0
741,38,1,0
742,56,0,0
743,60,0,0
744,41,1,0
745,56,0,0
746,44,0,0
747,63,2,0
748,64,0,0
749,15,0,0
75,80,0,0
750,62,0,0
751,47,1,0
752,50,1,0
753,38,0,0
754,24,0,0
755,94,0,0
756,33,0,0
757,116,0,0
758,56,1,0
759,71,0,0
76,60,0,0
761,73,2,0
762,12,0,0
763,59,0,0
764,48,3,0
765,44,0,0
766,54,1,0
767,23,0,0
768,33,0,0
769,35,0,0
77,134,0,0
770,168,0,0
771,30,0,0
772,28,0,0
773,58,2,0
774,49,0,0
775,18,0,0
776,59,0,0
777,41,0,0
778,59,0,0
779,39,0,0
78,65,0,0
780,20,0,0
781,32,0,0
782,54,0,0
783,8,0,0
79,37,7,0
8,2,0,0
80,119,9,0
81,92,0,0
832,162,0,0
833,186,0,0
834,356,0,0
835,54,5,0
837,2,0,0
839,99,0,0
84,49,0,0
841,63,4,0
842,58,0,0
843,69,0,0
844,25,0,0
845,46,0,0
846,2,0,0
847,65,0,0
848,134,2,0
849,2,0,0
85,127,0,0
850,1,0,0
851,65,0,0
852,163,0,0
853,1,0,0
854,94,0,0
855,145,1,0
856,122,0,0
859,61,0,0
86,2,0,0
860,50,1,0
861,81,2,0
862,3,0,0
863,11,0,0
864,243,0,0
865,13,0,0
866,140,0,0
867,114,0,0
868,118,0,0
87,54,2,0
871,96,0,0
874,139,0,0
876,3,0,0
877,88,0,0
88,89,0,0
880,166,0,0
881,6,0,0
882,1,0,0
89,76,0,0
892,3,0,0
895,83,0,0
899,1,0,0
9,2,0,0
90,66,0,0
900,2,0,0
901,2,0,0
902,6,0,0
904,40,0,0
906,36,0,0
907,7,0,0
908,64,0,0
909,2,0,0
91,97,0,0
910,4,0,0
912,10,0,0
913,5,0,0
914,94,1,0
915,21,0,0
916,144,2,0
918,6,0,0
919,4,0,0
92,82,0,0
920,30,0,0
921,31,0,0
922,33,0,0
923,1,0,0
924,37,0,0
925,26,0,0
926,19,0,0
927,41,0,0
928,20,0,0
929,18,0,0
93,92,0,0
930,28,5,0
932,27,0,0
933,42,0,0
934,32,0,0
935,21,0,0
936,25,0,0
937,31,0,0
938,1,0,0
939,28,0,0
94,91,0,0
940,29,0,0
942,31,0,0
943,32,0,0
945,3,0,0
946,18,0,0
947,29,0,0
949,67,0,0
95,101,0,0
950,43,1,0
951,27,0,0
952,34,0,0
953,59,0,0
954,1,0,0
956,45,0,0
957,10,0,0
958,43,0,0
959,52,0,0
96,85,0,0
960,1,0,0
961,2,0,0
962,36,0,0
963,20,0,0
964,65,0,0
965,147,0,0
966,49,0,0
967,48,0,0
968,3,0,0
969,34,0,0
97,101,0,0
970,1,0,0
971,78,0,0
972,3,0,0
973,39,0,0
974,5,0,0
975,41,0,0
976,24,12,0
978,36,0,0
979,7,0,0
98,158,0,0
982,57,0,0
983,104,0,0
984,152,0,0
985,74,0,0
986,123,0,0
987,185,0,0
988,231,0,0
989,142,3,0
990,147,0,0
991,56,0,0
992,78,9,0
993,106,0,0
994,143,0,0
995,47,0,0
996,96,0,0
997,146,1,0
998,79,0,0
999,252,6,0
