Player ID,Numer of times made above 95th % in Total Points,Numer of times made above 95th % in PPV,Average of value,Value<50,50<=Value<=100,100<Value
471,12,12,48.5,12,#N/A,#N/A
548,12,12,51.21875,#N/A,12,#N/A
202,11,12,63.75,#N/A,12,#N/A
271,13,12,57.10526316,#N/A,12,#N/A
93,11,11,47.16666667,11,#N/A,#N/A
313,9,11,65.47222222,#N/A,11,#N/A
239,12,11,78.16666667,#N/A,11,#N/A
377,9,11,58.63888889,#N/A,11,#N/A
203,9,11,54.38888889,#N/A,11,#N/A
213,11,11,46.16666667,11,#N/A,#N/A
217,14,10,84.55263158,#N/A,10,#N/A
449,9,10,51.48571429,#N/A,10,#N/A
12,14,10,50.86486486,#N/A,10,#N/A
62,12,10,48.72222222,10,#N/A,#N/A
468,5,9,50.75,#N/A,9,#N/A
215,18,9,103.4473684,#N/A,#N/A,9
113,10,9,70.77777778,#N/A,9,#N/A
168,9,9,52.55555556,#N/A,9,#N/A
570,9,9,54.375,#N/A,9,#N/A
597,9,9,44.66666667,9,#N/A,#N/A
390,14,9,94.94285714,#N/A,9,#N/A
200,12,9,48.05555556,9,#N/A,#N/A
284,9,9,62.60526316,#N/A,9,#N/A
156,10,9,50.77777778,#N/A,9,#N/A
300,10,9,49.24242424,9,#N/A,#N/A
277,13,9,58.02631579,#N/A,9,#N/A
302,16,9,111.2424242,#N/A,#N/A,9
411,12,8,51.63888889,#N/A,8,#N/A
366,8,8,48.66666667,8,#N/A,#N/A
86,8,8,43.36111111,8,#N/A,#N/A
234,5,8,43.97222222,8,#N/A,#N/A
219,10,8,74.5,#N/A,8,#N/A
198,7,8,54,#N/A,8,#N/A
295,8,8,45.19444444,8,#N/A,#N/A
87,6,8,42.61111111,8,#N/A,#N/A
131,9,8,50.25,#N/A,8,#N/A
318,8,8,43.91666667,8,#N/A,#N/A
191,14,8,124.75,#N/A,#N/A,8
514,11,8,63.02777778,#N/A,8,#N/A
474,9,8,56.77777778,#N/A,8,#N/A
388,15,8,110.9714286,#N/A,#N/A,8
516,8,8,45.13513514,8,#N/A,#N/A
417,7,8,45.08571429,8,#N/A,#N/A
74,7,8,44.47222222,8,#N/A,#N/A
67,7,8,43.38888889,8,#N/A,#N/A
96,11,8,54.7027027,#N/A,8,#N/A
201,8,8,43.91666667,8,#N/A,#N/A
233,7,8,57.14705882,#N/A,8,#N/A
45,8,8,55.33333333,#N/A,8,#N/A
275,11,8,82.02631579,#N/A,8,#N/A
23,4,8,43.62857143,8,#N/A,#N/A
211,6,8,39.66666667,8,#N/A,#N/A
105,7,8,48.61764706,8,#N/A,#N/A
541,3,7,45.58823529,7,#N/A,#N/A
381,6,7,44.22222222,7,#N/A,#N/A
494,7,7,45.75,7,#N/A,#N/A
407,8,7,44.63888889,7,#N/A,#N/A
409,10,7,76.25,#N/A,7,#N/A
618,10,7,85.33333333,#N/A,7,#N/A
91,6,7,62.05555556,#N/A,7,#N/A
172,9,7,59.52777778,#N/A,7,#N/A
308,4,7,43.75,7,#N/A,#N/A
269,7,7,49.86111111,7,#N/A,#N/A
29,8,7,61.61111111,#N/A,7,#N/A
287,6,7,47.47222222,7,#N/A,#N/A
166,11,7,95.83333333,#N/A,7,#N/A
368,6,7,55,#N/A,7,#N/A
588,6,7,55,#N/A,7,#N/A
571,9,7,45,7,#N/A,#N/A
418,6,7,44.4,7,#N/A,#N/A
435,7,7,54.14285714,#N/A,7,#N/A
455,8,7,54.05555556,#N/A,7,#N/A
273,12,7,50.55263158,#N/A,7,#N/A
235,7,7,68.44117647,#N/A,7,#N/A
91,6,7,62.59459459,#N/A,7,#N/A
11,7,7,50.71428571,#N/A,7,#N/A
157,7,7,48.58333333,7,#N/A,#N/A
57,6,7,58.16666667,#N/A,7,#N/A
8,8,7,49.88571429,7,#N/A,#N/A
6,8,7,83.17142857,#N/A,7,#N/A
24,5,7,52.57142857,#N/A,7,#N/A
20,5,7,47.55555556,7,#N/A,#N/A
301,10,7,60.40540541,#N/A,7,#N/A
109,7,7,46.11764706,7,#N/A,#N/A
128,8,7,48.77777778,7,#N/A,#N/A
132,6,7,55,#N/A,7,#N/A
342,12,6,97.44444444,#N/A,6,#N/A
431,9,6,71.97222222,#N/A,6,#N/A
355,5,6,43.30555556,6,#N/A,#N/A
368,5,6,56.77777778,#N/A,6,#N/A
362,5,6,62.36111111,#N/A,6,#N/A
377,7,6,45,6,#N/A,#N/A
502,5,6,58.69444444,#N/A,6,#N/A
388,6,6,49.36111111,6,#N/A,#N/A
417,6,6,53.94444444,#N/A,6,#N/A
393,5,6,52.30555556,#N/A,6,#N/A
463,6,6,63.69444444,#N/A,6,#N/A
395,4,6,47.75,6,#N/A,#N/A
401,11,6,61.11111111,#N/A,6,#N/A
354,6,6,43.25,6,#N/A,#N/A
320,6,6,62.47222222,#N/A,6,#N/A
254,7,6,44.58333333,6,#N/A,#N/A
233,8,6,88.02777778,#N/A,6,#N/A
28,7,6,57.27777778,#N/A,6,#N/A
291,7,6,50.77777778,#N/A,6,#N/A
42,8,6,46.83333333,6,#N/A,#N/A
220,6,6,52,#N/A,6,#N/A
47,7,6,47.22222222,6,#N/A,#N/A
235,8,6,54.55555556,#N/A,6,#N/A
70,3,6,47.77777778,6,#N/A,#N/A
265,6,6,61.5,#N/A,6,#N/A
164,9,6,48.75,6,#N/A,#N/A
307,4,6,44.41666667,6,#N/A,#N/A
189,12,6,60.22222222,#N/A,6,#N/A
323,6,6,52.44444444,#N/A,6,#N/A
192,15,6,121,#N/A,#N/A,6
171,10,6,74.22222222,#N/A,6,#N/A
369,7,6,46.94444444,6,#N/A,#N/A
383,9,6,55.65714286,#N/A,6,#N/A
437,6,6,64.11428571,#N/A,6,#N/A
376,8,6,47.08333333,6,#N/A,#N/A
370,8,6,59.91666667,#N/A,6,#N/A
481,6,6,56.4,#N/A,6,#N/A
557,5,6,49.88235294,6,#N/A,#N/A
489,6,6,58.25,#N/A,6,#N/A
572,8,6,45,6,#N/A,#N/A
506,7,6,65.52777778,#N/A,6,#N/A
431,7,6,50.4,#N/A,6,#N/A
252,6,6,59.14705882,#N/A,6,#N/A
146,3,6,39.5,6,#N/A,#N/A
141,9,6,72.30555556,#N/A,6,#N/A
197,7,6,44.55555556,6,#N/A,#N/A
88,8,6,49.2972973,6,#N/A,#N/A
92,6,6,44.27027027,6,#N/A,#N/A
97,6,6,44.43243243,6,#N/A,#N/A
38,5,6,55,#N/A,6,#N/A
460,6,5,76.05555556,#N/A,5,#N/A
396,4,5,49.91666667,5,#N/A,#N/A
465,5,5,52.47222222,#N/A,5,#N/A
415,4,5,53.97222222,#N/A,5,#N/A
340,5,5,53.55555556,#N/A,5,#N/A
403,6,5,50.19444444,#N/A,5,#N/A
344,9,5,84.75,#N/A,5,#N/A
423,6,5,45.22222222,5,#N/A,#N/A
358,4,5,43.58333333,5,#N/A,#N/A
389,6,5,69.13888889,#N/A,5,#N/A
500,5,5,54.13888889,#N/A,5,#N/A
445,6,5,45.02777778,5,#N/A,#N/A
452,4,5,43.33333333,5,#N/A,#N/A
421,5,5,58.33333333,#N/A,5,#N/A
301,5,5,48.80555556,5,#N/A,#N/A
262,7,5,50.19444444,#N/A,5,#N/A
321,5,5,58.11111111,#N/A,5,#N/A
101,6,5,54.27777778,#N/A,5,#N/A
280,5,5,45.19444444,5,#N/A,#N/A
105,8,5,58.83333333,#N/A,5,#N/A
309,5,5,43.94444444,5,#N/A,#N/A
123,7,5,55.52777778,#N/A,5,#N/A
218,7,5,78.28947368,#N/A,5,#N/A
128,4,5,41.80555556,5,#N/A,#N/A
278,6,5,66.61111111,#N/A,5,#N/A
150,9,5,80.38888889,#N/A,5,#N/A
297,6,5,47.55555556,5,#N/A,#N/A
162,8,5,51.58333333,#N/A,5,#N/A
193,5,5,62.27777778,#N/A,5,#N/A
22,4,5,42.38888889,5,#N/A,#N/A
484,4,5,44.05405405,5,#N/A,#N/A
562,7,5,44.97058824,5,#N/A,#N/A
412,5,5,44.22857143,5,#N/A,#N/A
392,5,5,67.08571429,#N/A,5,#N/A
549,5,5,44.11764706,5,#N/A,#N/A
470,3,5,40.63888889,5,#N/A,#N/A
239,6,5,48.82352941,5,#N/A,#N/A
313,6,5,54.63636364,#N/A,5,#N/A
123,7,5,50.70588235,#N/A,5,#N/A
198,5,5,53.83333333,#N/A,5,#N/A
116,6,5,47.61764706,5,#N/A,#N/A
338,5,5,51.72222222,#N/A,5,#N/A
66,4,5,43.88888889,5,#N/A,#N/A
16,5,5,44.14285714,5,#N/A,#N/A
61,3,5,42.80555556,5,#N/A,#N/A
344,4,5,52.52777778,#N/A,5,#N/A
166,7,5,78.58333333,#N/A,5,#N/A
110,5,5,54.11764706,#N/A,5,#N/A
291,6,5,53.48484848,#N/A,5,#N/A
69,5,5,58.13888889,#N/A,5,#N/A
150,9,5,68.36111111,#N/A,5,#N/A
228,5,5,64.11764706,#N/A,5,#N/A
89,4,5,53.27027027,#N/A,5,#N/A
231,6,5,71.41176471,#N/A,5,#N/A
144,3,5,44.08333333,5,#N/A,#N/A
427,3,4,43.47368421,4,#N/A,#N/A
359,4,4,41.91666667,4,#N/A,#N/A
516,4,4,48.19444444,4,#N/A,#N/A
443,4,4,54.26315789,#N/A,4,#N/A
493,5,4,44.16666667,4,#N/A,#N/A
376,5,4,47.36111111,4,#N/A,#N/A
503,4,4,44.55555556,4,#N/A,#N/A
447,5,4,44.55555556,4,#N/A,#N/A
432,3,4,53.44444444,#N/A,4,#N/A
448,4,4,63.63888889,#N/A,4,#N/A
478,3,4,44.08333333,4,#N/A,#N/A
399,4,4,60.69444444,#N/A,4,#N/A
373,2,4,48.22222222,4,#N/A,#N/A
336,8,4,49.75,4,#N/A,#N/A
382,4,4,43.27777778,4,#N/A,#N/A
392,4,4,55.55555556,#N/A,4,#N/A
505,5,4,59.13888889,#N/A,4,#N/A
420,4,4,44.19444444,4,#N/A,#N/A
525,4,4,62.55555556,#N/A,4,#N/A
363,3,4,61.44444444,#N/A,4,#N/A
470,1,4,44.47222222,4,#N/A,#N/A
410,4,4,61.86111111,#N/A,4,#N/A
498,5,4,44.97222222,4,#N/A,#N/A
283,4,4,60,#N/A,4,#N/A
65,4,4,42.30555556,4,#N/A,#N/A
167,2,4,57.36111111,#N/A,4,#N/A
199,5,4,54.16666667,#N/A,4,#N/A
148,4,4,53.80555556,#N/A,4,#N/A
118,3,4,49.75,4,#N/A,#N/A
294,7,4,48.11111111,4,#N/A,#N/A
133,6,4,67.72222222,#N/A,4,#N/A
126,4,4,44.02777778,4,#N/A,#N/A
141,6,4,58.44444444,#N/A,4,#N/A
271,3,4,44.02777778,4,#N/A,#N/A
225,8,4,53.44444444,#N/A,4,#N/A
122,7,4,53.91666667,#N/A,4,#N/A
59,5,4,48.94444444,4,#N/A,#N/A
293,8,4,45.75,4,#N/A,#N/A
248,4,4,49.80555556,4,#N/A,#N/A
84,7,4,50.86111111,#N/A,4,#N/A
258,3,4,43.36111111,4,#N/A,#N/A
68,3,4,62,#N/A,4,#N/A
259,3,4,43.30555556,4,#N/A,#N/A
147,4,4,59.88888889,#N/A,4,#N/A
208,7,4,51.21052632,#N/A,4,#N/A
30,4,4,54.75,#N/A,4,#N/A
214,13,4,118.8684211,#N/A,#N/A,4
197,4,4,54.44444444,#N/A,4,#N/A
543,6,4,93.66666667,#N/A,4,#N/A
576,6,4,45,4,#N/A,#N/A
490,10,4,55.58823529,#N/A,4,#N/A
445,5,4,61.82857143,#N/A,4,#N/A
405,4,4,59.08571429,#N/A,4,#N/A
450,5,4,61.34285714,#N/A,4,#N/A
558,6,4,46.3125,4,#N/A,#N/A
461,8,4,50.30555556,#N/A,4,#N/A
497,4,4,49.11111111,4,#N/A,#N/A
465,4,4,61.44444444,#N/A,4,#N/A
363,3,4,45.22222222,4,#N/A,#N/A
466,4,4,52.11111111,#N/A,4,#N/A
540,4,4,58.91428571,#N/A,4,#N/A
468,5,4,66.41176471,#N/A,4,#N/A
556,13,4,58.66666667,#N/A,4,#N/A
353,4,4,47.61111111,4,#N/A,#N/A
483,4,4,47.22222222,4,#N/A,#N/A
500,6,4,82.70588235,#N/A,4,#N/A
306,12,4,95.39393939,#N/A,4,#N/A
298,8,4,54.42424242,#N/A,4,#N/A
287,6,4,69.05263158,#N/A,4,#N/A
120,9,4,69.05882353,#N/A,4,#N/A
181,3,4,53.32432432,#N/A,4,#N/A
37,9,4,75.38888889,#N/A,4,#N/A
81,7,4,53.2972973,#N/A,4,#N/A
125,4,4,45,4,#N/A,#N/A
217,8,4,54.82352941,#N/A,4,#N/A
106,4,4,58.97297297,#N/A,4,#N/A
224,8,4,101.2058824,#N/A,#N/A,4
205,5,4,52.36111111,#N/A,4,#N/A
134,4,4,43.52777778,4,#N/A,#N/A
164,8,4,76.38888889,#N/A,4,#N/A
309,5,4,49.09090909,4,#N/A,#N/A
278,11,4,60.44736842,#N/A,4,#N/A
100,5,4,57.51351351,#N/A,4,#N/A
68,4,4,61.97222222,#N/A,4,#N/A
184,2,4,56.10810811,#N/A,4,#N/A
616,2,3,48.91666667,3,#N/A,#N/A
504,2,3,44.73684211,3,#N/A,#N/A
380,4,3,44.61111111,3,#N/A,#N/A
357,1,3,42.58333333,3,#N/A,#N/A
549,3,3,40.5,3,#N/A,#N/A
402,6,3,54.19444444,#N/A,3,#N/A
467,3,3,43.81578947,3,#N/A,#N/A
341,3,3,44.16666667,3,#N/A,#N/A
501,2,3,57.47222222,#N/A,3,#N/A
414,2,3,53.08333333,#N/A,3,#N/A
519,1,3,43.77777778,3,#N/A,#N/A
451,3,3,57.25,#N/A,3,#N/A
554,2,3,50,#N/A,3,#N/A
455,3,3,44.41666667,3,#N/A,#N/A
346,3,3,58,#N/A,3,#N/A
529,4,3,45.55555556,3,#N/A,#N/A
325,2,3,48.27777778,3,#N/A,#N/A
315,1,3,46.77777778,3,#N/A,#N/A
304,3,3,48.16666667,3,#N/A,#N/A
103,7,3,61.38888889,#N/A,3,#N/A
187,8,3,94.72222222,#N/A,3,#N/A
252,3,3,50,#N/A,3,#N/A
137,2,3,54.61111111,#N/A,3,#N/A
63,3,3,43.33333333,3,#N/A,#N/A
13,2,3,43.52631579,3,#N/A,#N/A
255,5,3,44.11111111,3,#N/A,#N/A
119,3,3,50,#N/A,3,#N/A
152,4,3,64.33333333,#N/A,3,#N/A
117,3,3,56.5,#N/A,3,#N/A
153,3,3,62.36111111,#N/A,3,#N/A
134,3,3,67.33333333,#N/A,3,#N/A
159,10,3,62.66666667,#N/A,3,#N/A
302,2,3,48.91666667,3,#N/A,#N/A
161,7,3,56.02777778,#N/A,3,#N/A
97,5,3,60.13888889,#N/A,3,#N/A
266,4,3,58.30555556,#N/A,3,#N/A
14,4,3,49.73684211,3,#N/A,#N/A
94,3,3,44.33333333,3,#N/A,#N/A
143,5,3,53.36111111,#N/A,3,#N/A
106,6,3,57.68421053,#N/A,3,#N/A
82,3,3,48.30555556,3,#N/A,#N/A
184,6,3,52.5,#N/A,3,#N/A
49,3,3,63.63888889,#N/A,3,#N/A
544,2,3,55,#N/A,3,#N/A
422,5,3,45,3,#N/A,#N/A
375,4,3,46.55555556,3,#N/A,#N/A
498,5,3,57,#N/A,3,#N/A
391,5,3,49.08571429,3,#N/A,#N/A
389,5,3,52.17142857,#N/A,3,#N/A
373,1,3,44.27027027,3,#N/A,#N/A
367,3,3,46.88888889,3,#N/A,#N/A
566,7,3,50,#N/A,3,#N/A
504,2,3,52.38888889,#N/A,3,#N/A
524,3,3,43.72222222,3,#N/A,#N/A
432,6,3,48.85714286,3,#N/A,#N/A
442,4,3,43.97142857,3,#N/A,#N/A
603,1,3,39.14814815,3,#N/A,#N/A
546,6,3,53.61764706,#N/A,3,#N/A
512,3,3,52.55555556,#N/A,3,#N/A
492,4,3,57.36111111,#N/A,3,#N/A
459,7,3,49.05555556,3,#N/A,#N/A
493,2,3,45,3,#N/A,#N/A
411,3,3,51.4,#N/A,3,#N/A
569,6,3,79.06666667,#N/A,3,#N/A
517,2,3,43.32432432,3,#N/A,#N/A
469,3,3,54,#N/A,3,#N/A
523,1,3,40,3,#N/A,#N/A
589,2,3,40.13793103,3,#N/A,#N/A
501,2,3,47.88571429,3,#N/A,#N/A
396,2,3,49.05714286,3,#N/A,#N/A
41,9,3,53.30555556,#N/A,3,#N/A
283,4,3,55,#N/A,3,#N/A
93,2,3,48.45945946,3,#N/A,#N/A
195,4,3,43.5,3,#N/A,#N/A
102,9,3,57.73529412,#N/A,3,#N/A
42,5,3,47.69444444,3,#N/A,#N/A
259,12,3,73.73529412,#N/A,3,#N/A
70,3,3,43.14285714,3,#N/A,#N/A
281,5,3,74.05263158,#N/A,3,#N/A
113,3,3,49.11764706,3,#N/A,#N/A
286,5,3,53.60526316,#N/A,3,#N/A
114,4,3,80.08823529,#N/A,3,#N/A
308,4,3,48.33333333,3,#N/A,#N/A
18,4,3,76.42857143,#N/A,3,#N/A
339,3,3,56.58333333,#N/A,3,#N/A
221,3,3,52.85294118,#N/A,3,#N/A
272,7,3,117.5789474,#N/A,#N/A,3
46,4,3,46.52777778,3,#N/A,#N/A
148,5,3,58.16666667,#N/A,3,#N/A
232,7,3,58.97058824,#N/A,3,#N/A
282,7,3,92.26315789,#N/A,3,#N/A
29,3,3,43.19444444,3,#N/A,#N/A
65,2,3,49.86111111,3,#N/A,#N/A
236,3,3,48.26470588,3,#N/A,#N/A
4,7,3,114.8857143,#N/A,#N/A,3
137,3,3,57.11111111,#N/A,3,#N/A
305,5,3,52.60606061,#N/A,3,#N/A
243,4,3,53.26470588,#N/A,3,#N/A
310,3,3,48.87878788,3,#N/A,#N/A
138,3,3,56.5,#N/A,3,#N/A
325,3,3,49.83333333,3,#N/A,#N/A
254,15,3,124.3823529,#N/A,#N/A,3
343,2,3,56.02777778,#N/A,3,#N/A
255,8,3,71.88235294,#N/A,3,#N/A
266,3,3,54.13157895,#N/A,3,#N/A
506,4,2,49.94444444,2,#N/A,#N/A
406,2,2,42.66666667,2,#N/A,#N/A
405,5,2,48.55555556,2,#N/A,#N/A
428,1,2,57.25,#N/A,2,#N/A
626,2,2,64.45454545,#N/A,2,#N/A
437,2,2,54.55555556,#N/A,2,#N/A
515,3,2,53.63157895,#N/A,2,#N/A
438,2,2,52.44444444,#N/A,2,#N/A
540,2,2,45,2,#N/A,#N/A
439,4,2,48.33333333,2,#N/A,#N/A
615,2,2,73.83333333,#N/A,2,#N/A
446,2,2,43.33333333,2,#N/A,#N/A
490,2,2,48.36842105,2,#N/A,#N/A
345,5,2,71.44444444,#N/A,2,#N/A
511,4,2,52.69444444,#N/A,2,#N/A
356,1,2,42.52777778,2,#N/A,#N/A
517,2,2,53.16666667,#N/A,2,#N/A
457,3,2,70.97222222,#N/A,2,#N/A
528,2,2,50,#N/A,2,#N/A
458,2,2,43.97222222,2,#N/A,#N/A
544,3,2,45,2,#N/A,#N/A
476,2,2,49.88888889,2,#N/A,#N/A
603,2,2,43.92857143,2,#N/A,#N/A
349,3,2,48.91666667,2,#N/A,#N/A
619,2,2,51.5,#N/A,2,#N/A
486,4,2,48.28947368,2,#N/A,#N/A
488,8,2,92.10526316,#N/A,2,#N/A
534,2,2,44.42424242,2,#N/A,#N/A
196,2,2,58.16666667,#N/A,2,#N/A
183,13,2,64.69444444,#N/A,2,#N/A
124,3,2,50,#N/A,2,#N/A
110,2,2,66.61111111,#N/A,2,#N/A
5,2,2,49.07894737,2,#N/A,#N/A
54,0,2,48.94444444,2,#N/A,#N/A
12,5,2,93.21052632,#N/A,2,#N/A
221,2,2,52.07894737,#N/A,2,#N/A
81,2,2,49.02777778,2,#N/A,#N/A
222,2,2,52.28947368,#N/A,2,#N/A
185,3,2,52.94444444,#N/A,2,#N/A
129,0,2,57.44444444,#N/A,2,#N/A
50,2,2,58.16666667,#N/A,2,#N/A
58,3,2,50,#N/A,2,#N/A
104,4,2,59.94444444,#N/A,2,#N/A
160,6,2,53.30555556,#N/A,2,#N/A
203,8,2,57.92105263,#N/A,2,#N/A
246,1,2,49.30555556,2,#N/A,#N/A
69,2,2,52.61111111,#N/A,2,#N/A
116,2,2,55.5,#N/A,2,#N/A
127,2,2,43.47222222,2,#N/A,#N/A
251,3,2,53.33333333,#N/A,2,#N/A
139,1,2,49.05555556,2,#N/A,#N/A
100,2,2,54.05555556,#N/A,2,#N/A
67,3,2,75.91666667,#N/A,2,#N/A
163,2,2,43.22222222,2,#N/A,#N/A
77,2,2,59,#N/A,2,#N/A
31,4,2,55.80555556,#N/A,2,#N/A
142,3,2,53.69444444,#N/A,2,#N/A
256,2,2,43.41666667,2,#N/A,#N/A
303,2,2,54.19444444,#N/A,2,#N/A
85,1,2,43.5,2,#N/A,#N/A
305,3,2,48.36111111,2,#N/A,#N/A
330,3,2,52.44444444,#N/A,2,#N/A
83,4,2,50,#N/A,2,#N/A
10,2,2,44.78947368,2,#N/A,#N/A
314,2,2,49.22222222,2,#N/A,#N/A
176,2,2,50,#N/A,2,#N/A
319,2,2,43.72222222,2,#N/A,#N/A
331,6,2,53.88888889,#N/A,2,#N/A
210,5,2,118.9210526,#N/A,#N/A,2
182,15,2,74.16666667,#N/A,2,#N/A
151,5,2,74.52777778,#N/A,2,#N/A
274,1,2,43.72222222,2,#N/A,#N/A
276,2,2,44.66666667,2,#N/A,#N/A
24,2,2,43.61111111,2,#N/A,#N/A
567,0,2,49.32258065,2,#N/A,#N/A
494,3,2,50.05714286,#N/A,2,#N/A
425,1,2,42.91428571,2,#N/A,#N/A
526,1,2,43.37142857,2,#N/A,#N/A
563,2,2,50,#N/A,2,#N/A
441,1,2,61.37142857,#N/A,2,#N/A
454,2,2,52.36111111,#N/A,2,#N/A
386,5,2,54.08571429,#N/A,2,#N/A
577,1,2,45,2,#N/A,#N/A
366,6,2,84,#N/A,2,#N/A
458,2,2,54.38888889,#N/A,2,#N/A
358,2,2,54,#N/A,2,#N/A
491,3,2,43.83333333,2,#N/A,#N/A
362,4,2,50,#N/A,2,#N/A
513,2,2,42.69444444,2,#N/A,#N/A
452,2,2,39.22857143,2,#N/A,#N/A
424,0,2,42.91666667,2,#N/A,#N/A
508,4,2,77.27777778,#N/A,2,#N/A
443,3,2,43.14285714,2,#N/A,#N/A
509,1,2,43.5,2,#N/A,#N/A
587,2,2,59.83333333,#N/A,2,#N/A
510,1,2,43.33333333,2,#N/A,#N/A
665,2,2,54.3125,#N/A,2,#N/A
561,3,2,50,#N/A,2,#N/A
419,2,2,48.22857143,2,#N/A,#N/A
364,2,2,45,2,#N/A,#N/A
507,2,2,56.63888889,#N/A,2,#N/A
478,3,2,76.34285714,#N/A,2,#N/A
246,3,2,54.11764706,#N/A,2,#N/A
165,4,2,48.22222222,2,#N/A,#N/A
332,1,2,43.02777778,2,#N/A,#N/A
258,2,2,60.51351351,#N/A,2,#N/A
87,2,2,60,#N/A,2,#N/A
204,2,2,49.19444444,2,#N/A,#N/A
324,3,2,45,2,#N/A,#N/A
263,1,2,44.14705882,2,#N/A,#N/A
340,2,2,57.36111111,#N/A,2,#N/A
191,0,2,44.91891892,2,#N/A,#N/A
240,1,2,42.29411765,2,#N/A,#N/A
270,5,2,60.94736842,#N/A,2,#N/A
244,2,2,54.05882353,#N/A,2,#N/A
140,1,2,56.75,#N/A,2,#N/A
322,2,2,49.11111111,2,#N/A,#N/A
225,1,2,53.23529412,#N/A,2,#N/A
326,4,2,48.41666667,2,#N/A,#N/A
10,1,2,44.14285714,2,#N/A,#N/A
187,2,2,53.2972973,#N/A,2,#N/A
227,2,2,39.23529412,2,#N/A,#N/A
112,2,2,47.52941176,2,#N/A,#N/A
95,2,2,50,#N/A,2,#N/A
303,4,2,87.42424242,#N/A,2,#N/A
26,2,2,49.08571429,2,#N/A,#N/A
103,2,2,67.29411765,#N/A,2,#N/A
229,2,2,60.79411765,#N/A,2,#N/A
104,6,2,57.26470588,#N/A,2,#N/A
90,2,2,54.05405405,#N/A,2,#N/A
311,2,2,62.45454545,#N/A,2,#N/A
44,1,2,43.30555556,2,#N/A,#N/A
315,4,2,71.06060606,#N/A,2,#N/A
133,2,2,49.27777778,2,#N/A,#N/A
323,2,2,47.77777778,2,#N/A,#N/A
206,1,2,47.30555556,2,#N/A,#N/A
251,11,2,118.8235294,#N/A,#N/A,2
117,3,2,93,#N/A,2,#N/A
328,2,2,42.77777778,2,#N/A,#N/A
39,2,2,44.08333333,2,#N/A,#N/A
333,2,2,42.80555556,2,#N/A,#N/A
296,3,2,77.12121212,#N/A,2,#N/A
218,2,2,45,2,#N/A,#N/A
159,2,2,59.05555556,#N/A,2,#N/A
219,6,2,55.05882353,#N/A,2,#N/A
349,1,2,46.25,2,#N/A,#N/A
83,3,2,43.24324324,2,#N/A,#N/A
162,6,2,55.11111111,#N/A,2,#N/A
404,1,1,48.83333333,1,#N/A,#N/A
532,1,1,43,1,#N/A,#N/A
369,1,1,56.63888889,#N/A,1,#N/A
442,1,1,58.69444444,#N/A,1,#N/A
611,1,1,40,1,#N/A,#N/A
371,1,1,48.52777778,1,#N/A,#N/A
512,1,1,58.47222222,#N/A,1,#N/A
374,1,1,44.22222222,1,#N/A,#N/A
526,1,1,42.27777778,1,#N/A,#N/A
453,1,1,51.27777778,#N/A,1,#N/A
569,0,1,45,1,#N/A,#N/A
454,1,1,43.91666667,1,#N/A,#N/A
621,1,1,48.08333333,1,#N/A,#N/A
378,1,1,43.05555556,1,#N/A,#N/A
333,3,1,53.38888889,#N/A,1,#N/A
469,3,1,53.26315789,#N/A,1,#N/A
518,2,1,52.57894737,#N/A,1,#N/A
337,1,1,45.58333333,1,#N/A,#N/A
390,1,1,67.16666667,#N/A,1,#N/A
475,2,1,45,1,#N/A,#N/A
370,1,1,54.02777778,#N/A,1,#N/A
343,2,1,86.77777778,#N/A,1,#N/A
553,1,1,40.10344828,1,#N/A,#N/A
422,2,1,52.72222222,#N/A,1,#N/A
575,1,1,40,1,#N/A,#N/A
489,1,1,53.28947368,#N/A,1,#N/A
338,5,1,109.0555556,#N/A,#N/A,1
496,1,1,64.86111111,#N/A,1,#N/A
637,1,1,40,1,#N/A,#N/A
386,1,1,60,#N/A,1,#N/A
433,2,1,47.97222222,1,#N/A,#N/A
17,2,1,57.02777778,#N/A,1,#N/A
39,1,1,43.33333333,1,#N/A,#N/A
267,1,1,53.61111111,#N/A,1,#N/A
25,1,1,44.27777778,1,#N/A,#N/A
76,1,1,62.83333333,#N/A,1,#N/A
44,1,1,55.52777778,#N/A,1,#N/A
61,1,1,43.55555556,1,#N/A,#N/A
165,1,1,41.88888889,1,#N/A,#N/A
277,1,1,40.16666667,1,#N/A,#N/A
1,1,1,52,#N/A,1,#N/A
138,1,1,52.58333333,#N/A,1,#N/A
88,1,1,43.41666667,1,#N/A,#N/A
226,4,1,54.11111111,#N/A,1,#N/A
174,1,1,52.22222222,#N/A,1,#N/A
247,2,1,48.16666667,1,#N/A,#N/A
175,2,1,51.61111111,#N/A,1,#N/A
257,1,1,44.13888889,1,#N/A,#N/A
90,1,1,62.88888889,#N/A,1,#N/A
130,1,1,44.27777778,1,#N/A,#N/A
2,3,1,54.10526316,#N/A,1,#N/A
281,1,1,40.19444444,1,#N/A,#N/A
179,1,1,43.5,1,#N/A,#N/A
19,1,1,47.57894737,1,#N/A,#N/A
180,0,1,43.80555556,1,#N/A,#N/A
21,0,1,44.31578947,1,#N/A,#N/A
181,14,1,69.80555556,#N/A,1,#N/A
114,2,1,68.52777778,#N/A,1,#N/A
92,1,1,53.16666667,#N/A,1,#N/A
238,2,1,83.86111111,#N/A,1,#N/A
188,1,1,52.44444444,#N/A,1,#N/A
243,4,1,60.16666667,#N/A,1,#N/A
11,10,1,109.4736842,#N/A,#N/A,1
253,1,1,44.11111111,1,#N/A,#N/A
195,1,1,57.91666667,#N/A,1,#N/A
62,1,1,44.11111111,1,#N/A,#N/A
27,1,1,43.44444444,1,#N/A,#N/A
64,1,1,44.08333333,1,#N/A,#N/A
200,1,1,53.30555556,#N/A,1,#N/A
18,3,1,51.86842105,#N/A,1,#N/A
202,4,1,63.26315789,#N/A,1,#N/A
275,1,1,44.27777778,1,#N/A,#N/A
205,1,1,53.44444444,#N/A,1,#N/A
38,2,1,44.30555556,1,#N/A,#N/A
206,4,1,52.84210526,#N/A,1,#N/A
282,1,1,62.27777778,#N/A,1,#N/A
55,1,1,47.11111111,1,#N/A,#N/A
286,0,1,48.83333333,1,#N/A,#N/A
211,6,1,95.44736842,#N/A,1,#N/A
289,1,1,44.94444444,1,#N/A,#N/A
212,14,1,60.28947368,#N/A,1,#N/A
298,1,1,56.47222222,#N/A,1,#N/A
213,1,1,47.86842105,1,#N/A,#N/A
310,1,1,42.83333333,1,#N/A,#N/A
15,1,1,72.13157895,#N/A,1,#N/A
154,1,1,53.25,#N/A,1,#N/A
111,7,1,54.77777778,#N/A,1,#N/A
242,1,1,62.33333333,#N/A,1,#N/A
473,1,1,49.19444444,1,#N/A,#N/A
402,1,1,49.05714286,1,#N/A,#N/A
398,3,1,52.77142857,#N/A,1,#N/A
699,0,1,45,1,#N/A,#N/A
645,1,1,59.2,#N/A,1,#N/A
451,1,1,43.6,1,#N/A,#N/A
584,2,1,50,#N/A,1,#N/A
560,1,1,45,1,#N/A,#N/A
594,1,1,40,1,#N/A,#N/A
357,1,1,56.55555556,#N/A,1,#N/A
641,1,1,57.05882353,#N/A,1,#N/A
352,1,1,42.86111111,1,#N/A,#N/A
652,1,1,50,#N/A,1,#N/A
485,1,1,46.80555556,1,#N/A,#N/A
430,0,1,43.77142857,1,#N/A,#N/A
486,1,1,43.47222222,1,#N/A,#N/A
542,4,1,55.78787879,#N/A,1,#N/A
365,1,1,64.05555556,#N/A,1,#N/A
400,1,1,70.54285714,#N/A,1,#N/A
457,2,1,57.11428571,#N/A,1,#N/A
448,1,1,47.85714286,1,#N/A,#N/A
360,1,1,49.44444444,1,#N/A,#N/A
608,1,1,39.5,1,#N/A,#N/A
438,1,1,42.68571429,1,#N/A,#N/A
642,1,1,69.17647059,#N/A,1,#N/A
394,1,1,74.6,#N/A,1,#N/A
648,2,1,60,#N/A,1,#N/A
573,1,1,45,1,#N/A,#N/A
654,0,1,45,1,#N/A,#N/A
356,1,1,47.86111111,1,#N/A,#N/A
695,1,1,45,1,#N/A,#N/A
496,5,1,50,#N/A,1,#N/A
582,1,1,57.83870968,#N/A,1,#N/A
351,1,1,50.69444444,#N/A,1,#N/A
321,0,1,53.30555556,#N/A,1,#N/A
139,2,1,54.08333333,#N/A,1,#N/A
131,0,1,43.77777778,1,#N/A,#N/A
107,1,1,53.35294118,#N/A,1,#N/A
98,2,1,49.27027027,1,#N/A,#N/A
274,4,1,59.13157895,#N/A,1,#N/A
194,1,1,42.52777778,1,#N/A,#N/A
108,1,1,57.47222222,#N/A,1,#N/A
264,0,1,38.94117647,1,#N/A,#N/A
276,15,1,114.7894737,#N/A,#N/A,1
241,1,1,53.17647059,#N/A,1,#N/A
142,1,1,53.83333333,#N/A,1,#N/A
80,1,1,53.16666667,#N/A,1,#N/A
5,1,1,46.6,1,#N/A,#N/A
249,5,1,92.44117647,#N/A,1,#N/A
9,1,1,52.62857143,#N/A,1,#N/A
130,1,1,52.69444444,#N/A,1,#N/A
50,1,1,42.97222222,1,#N/A,#N/A
334,1,1,48.91666667,1,#N/A,#N/A
52,0,1,48.86111111,1,#N/A,#N/A
86,1,1,58.13513514,#N/A,1,#N/A
154,1,1,57.58333333,#N/A,1,#N/A
182,1,1,46.67567568,1,#N/A,#N/A
54,1,1,62.36111111,#N/A,1,#N/A
79,1,1,43.27777778,1,#N/A,#N/A
115,1,1,59.08108108,#N/A,1,#N/A
245,1,1,43,1,#N/A,#N/A
290,1,1,58.51515152,#N/A,1,#N/A
320,0,1,52.25,#N/A,1,#N/A
158,1,1,53.61111111,#N/A,1,#N/A
247,1,1,64.05882353,#N/A,1,#N/A
40,2,1,52.61111111,#N/A,1,#N/A
193,1,1,57.36111111,#N/A,1,#N/A
346,1,1,56.5,#N/A,1,#N/A
129,1,1,44.66666667,1,#N/A,#N/A
299,3,1,53.15151515,#N/A,1,#N/A
331,2,1,44.08333333,1,#N/A,#N/A
76,1,1,44.58333333,1,#N/A,#N/A
22,1,1,55.17142857,#N/A,1,#N/A
118,3,1,72,#N/A,1,#N/A
33,1,1,59.33333333,#N/A,1,#N/A
119,4,1,82.41176471,#N/A,1,#N/A
85,1,1,43.62162162,1,#N/A,#N/A
77,2,1,46.58333333,1,#N/A,#N/A
17,2,1,53.28571429,#N/A,1,#N/A
238,3,1,53.35294118,#N/A,1,#N/A
122,1,1,57.32352941,#N/A,1,#N/A
163,1,1,52.55555556,#N/A,1,#N/A
175,1,1,52.54054054,#N/A,1,#N/A
598,0,0,45,0,#N/A,#N/A
566,0,0,45,0,#N/A,#N/A
630,0,0,45,0,#N/A,#N/A
472,0,0,47.5,0,#N/A,#N/A
582,0,0,40,0,#N/A,#N/A
473,0,0,47.08333333,0,#N/A,#N/A
614,0,0,54,#N/A,0,#N/A
474,0,0,43.44444444,0,#N/A,#N/A
558,0,0,40,0,#N/A,#N/A
449,0,0,44.08333333,0,#N/A,#N/A
574,0,0,44.65,0,#N/A,#N/A
419,0,0,49.11111111,0,#N/A,#N/A
590,0,0,62.23529412,#N/A,0,#N/A
477,0,0,43.16666667,0,#N/A,#N/A
606,0,0,42,0,#N/A,#N/A
365,0,0,48,0,#N/A,#N/A
622,0,0,47.66666667,0,#N/A,#N/A
479,0,0,43.22222222,0,#N/A,#N/A
638,0,0,40,0,#N/A,#N/A
480,0,0,43.13888889,0,#N/A,#N/A
562,0,0,40,0,#N/A,#N/A
481,0,0,44.05555556,0,#N/A,#N/A
570,0,0,45,0,#N/A,#N/A
482,0,0,43.80555556,0,#N/A,#N/A
578,0,0,39.65,0,#N/A,#N/A
483,0,0,48.02777778,0,#N/A,#N/A
586,0,0,40,0,#N/A,#N/A
484,0,0,39.47222222,0,#N/A,#N/A
594,0,0,40,0,#N/A,#N/A
485,0,0,42.97222222,0,#N/A,#N/A
602,0,0,44.64285714,0,#N/A,#N/A
450,0,0,44.16666667,0,#N/A,#N/A
610,0,0,40,0,#N/A,#N/A
487,0,0,55.94444444,#N/A,0,#N/A
352,0,0,43.72222222,0,#N/A,#N/A
398,0,0,43.86111111,0,#N/A,#N/A
413,0,0,39.72222222,0,#N/A,#N/A
375,0,0,44,0,#N/A,#N/A
634,0,0,45,0,#N/A,#N/A
367,0,0,43.38888889,0,#N/A,#N/A
348,0,0,48.13888889,0,#N/A,#N/A
491,0,0,44.11111111,0,#N/A,#N/A
560,0,0,45,0,#N/A,#N/A
492,0,0,58.16666667,#N/A,0,#N/A
564,0,0,45,0,#N/A,#N/A
383,0,0,39.30555556,0,#N/A,#N/A
568,0,0,44.45454545,0,#N/A,#N/A
384,0,0,39.72222222,0,#N/A,#N/A
572,0,0,39.57142857,0,#N/A,#N/A
495,0,0,43.94444444,0,#N/A,#N/A
576,0,0,43.54545455,0,#N/A,#N/A
444,0,0,42.30555556,0,#N/A,#N/A
580,0,0,45,0,#N/A,#N/A
497,0,0,48.33333333,0,#N/A,#N/A
584,0,0,45,0,#N/A,#N/A
663,0,0,45,0,#N/A,#N/A
588,0,0,45,0,#N/A,#N/A
664,0,0,45,0,#N/A,#N/A
592,0,0,49.26666667,0,#N/A,#N/A
385,0,0,70,#N/A,0,#N/A
596,0,0,40,0,#N/A,#N/A
339,0,0,45,0,#N/A,#N/A
600,0,0,45,0,#N/A,#N/A
372,0,0,47.88888889,0,#N/A,#N/A
604,0,0,47.5,0,#N/A,#N/A
387,0,0,43.52777778,0,#N/A,#N/A
608,0,0,45,0,#N/A,#N/A
416,0,0,47.58333333,0,#N/A,#N/A
612,0,0,48.91666667,0,#N/A,#N/A
350,1,0,48.77777778,0,#N/A,#N/A
408,0,0,39.80555556,0,#N/A,#N/A
456,0,0,46.63888889,0,#N/A,#N/A
620,1,0,48.66666667,0,#N/A,#N/A
507,0,0,45,0,#N/A,#N/A
624,0,0,63.18181818,#N/A,0,#N/A
508,0,0,55,#N/A,0,#N/A
628,0,0,40,0,#N/A,#N/A
509,0,0,43.91666667,0,#N/A,#N/A
632,0,0,45,0,#N/A,#N/A
510,0,0,46.13888889,0,#N/A,#N/A
636,0,0,40,0,#N/A,#N/A
361,0,0,39.61111111,0,#N/A,#N/A
640,0,0,45,0,#N/A,#N/A
364,0,0,56.55555556,#N/A,0,#N/A
557,0,0,44.96428571,0,#N/A,#N/A
513,0,0,44.13888889,0,#N/A,#N/A
559,0,0,45,0,#N/A,#N/A
514,0,0,57.47222222,#N/A,0,#N/A
561,0,0,45,0,#N/A,#N/A
429,0,0,43.77777778,0,#N/A,#N/A
563,0,0,45,0,#N/A,#N/A
351,0,0,44.72222222,0,#N/A,#N/A
565,0,0,45,0,#N/A,#N/A
430,0,0,47.13888889,0,#N/A,#N/A
567,0,0,45,0,#N/A,#N/A
418,0,0,48.91666667,0,#N/A,#N/A
397,0,0,43.69444444,0,#N/A,#N/A
459,1,0,47.5,0,#N/A,#N/A
571,0,0,45,0,#N/A,#N/A
520,0,0,54.11111111,#N/A,0,#N/A
573,0,0,40,0,#N/A,#N/A
521,0,0,44.22222222,0,#N/A,#N/A
466,1,0,56.55555556,#N/A,0,#N/A
522,0,0,44.19444444,0,#N/A,#N/A
577,0,0,40,0,#N/A,#N/A
523,2,0,73.22222222,#N/A,0,#N/A
579,0,0,40,0,#N/A,#N/A
524,0,0,54.08333333,#N/A,0,#N/A
581,0,0,45,0,#N/A,#N/A
400,0,0,45,0,#N/A,#N/A
583,0,0,40.22222222,0,#N/A,#N/A
461,0,0,66.33333333,#N/A,0,#N/A
585,0,0,44.57894737,0,#N/A,#N/A
527,0,0,50,#N/A,0,#N/A
587,0,0,40,0,#N/A,#N/A
462,0,0,52.86111111,#N/A,0,#N/A
589,0,0,39.61111111,0,#N/A,#N/A
353,1,0,46.83333333,0,#N/A,#N/A
591,0,0,45,0,#N/A,#N/A
530,0,0,43.02857143,0,#N/A,#N/A
593,0,0,40,0,#N/A,#N/A
531,0,0,44.4,0,#N/A,#N/A
595,0,0,45,0,#N/A,#N/A
347,0,0,52.86111111,#N/A,0,#N/A
597,0,0,39.33333333,0,#N/A,#N/A
533,0,0,44.66666667,0,#N/A,#N/A
599,0,0,39.4,0,#N/A,#N/A
658,0,0,45,0,#N/A,#N/A
601,0,0,47.42857143,0,#N/A,#N/A
659,0,0,45,0,#N/A,#N/A
436,0,0,43.72222222,0,#N/A,#N/A
661,0,0,45,0,#N/A,#N/A
605,0,0,47.71428571,0,#N/A,#N/A
360,0,0,39.25,0,#N/A,#N/A
607,0,0,39.42857143,0,#N/A,#N/A
538,0,0,44.375,0,#N/A,#N/A
609,0,0,45,0,#N/A,#N/A
539,0,0,45,0,#N/A,#N/A
394,0,0,47.27777778,0,#N/A,#N/A
642,0,0,40,0,#N/A,#N/A
613,0,0,56.5,#N/A,0,#N/A
643,0,0,45,0,#N/A,#N/A
379,0,0,42.55555556,0,#N/A,#N/A
645,0,0,40,0,#N/A,#N/A
617,0,0,47.14285714,0,#N/A,#N/A
647,0,0,40,0,#N/A,#N/A
412,0,0,43.44444444,0,#N/A,#N/A
649,0,0,45,0,#N/A,#N/A
335,0,0,48.77777778,0,#N/A,#N/A
651,0,0,45,0,#N/A,#N/A
623,0,0,54,#N/A,0,#N/A
653,0,0,45,0,#N/A,#N/A
625,0,0,45,0,#N/A,#N/A
655,0,0,40,0,#N/A,#N/A
627,0,0,55,#N/A,0,#N/A
657,0,0,45,0,#N/A,#N/A
629,0,0,40,0,#N/A,#N/A
435,0,0,51.77777778,#N/A,0,#N/A
631,0,0,45,0,#N/A,#N/A
550,0,0,45,0,#N/A,#N/A
633,0,0,45,0,#N/A,#N/A
551,0,0,40,0,#N/A,#N/A
635,0,0,40,0,#N/A,#N/A
552,0,0,39.75862069,0,#N/A,#N/A
441,0,0,51.66666667,#N/A,0,#N/A
464,0,0,43.02777778,0,#N/A,#N/A
639,0,0,40,0,#N/A,#N/A
334,0,0,55,#N/A,0,#N/A
641,0,0,40,0,#N/A,#N/A
555,0,0,43.10714286,0,#N/A,#N/A
556,0,0,40,0,#N/A,#N/A
644,0,0,45,0,#N/A,#N/A
391,1,0,62.69444444,#N/A,0,#N/A
646,0,0,40,0,#N/A,#N/A
542,0,0,39.78125,0,#N/A,#N/A
648,0,0,45,0,#N/A,#N/A
543,0,0,40,0,#N/A,#N/A
650,0,0,40,0,#N/A,#N/A
434,0,0,53.61111111,#N/A,0,#N/A
652,0,0,45,0,#N/A,#N/A
545,0,0,39.76666667,0,#N/A,#N/A
654,0,0,45,0,#N/A,#N/A
546,0,0,40,0,#N/A,#N/A
656,0,0,45,0,#N/A,#N/A
547,0,0,44.6,0,#N/A,#N/A
440,0,0,47.07894737,0,#N/A,#N/A
548,0,0,40,0,#N/A,#N/A
660,0,0,40,0,#N/A,#N/A
535,0,0,44.78787879,0,#N/A,#N/A
662,0,0,40,0,#N/A,#N/A
536,0,0,40,0,#N/A,#N/A
537,0,0,44.96875,0,#N/A,#N/A
332,1,0,53.72222222,#N/A,0,#N/A
499,0,0,48.55555556,0,#N/A,#N/A
51,0,0,54.13888889,#N/A,0,#N/A
144,1,0,53.52777778,#N/A,0,#N/A
135,0,0,56.63888889,#N/A,0,#N/A
156,0,0,50,#N/A,0,#N/A
79,0,0,50,#N/A,0,#N/A
107,0,0,54.72222222,#N/A,0,#N/A
157,0,0,43.72222222,0,#N/A,#N/A
108,1,0,49.08333333,0,#N/A,#N/A
299,0,0,43.41666667,0,#N/A,#N/A
216,0,0,92.84210526,#N/A,0,#N/A
3,2,0,52.76315789,#N/A,0,#N/A
109,0,0,43.08333333,0,#N/A,#N/A
158,0,0,44.27777778,0,#N/A,#N/A
56,0,0,43.41666667,0,#N/A,#N/A
279,0,0,52.47222222,#N/A,0,#N/A
4,1,0,47,0,#N/A,#N/A
204,5,0,56.60526316,#N/A,0,#N/A
9,0,0,45,0,#N/A,#N/A
20,0,0,43.02631579,0,#N/A,#N/A
112,0,0,48.33333333,0,#N/A,#N/A
72,0,0,42.63888889,0,#N/A,#N/A
7,0,0,50,#N/A,0,#N/A
311,0,0,39.33333333,0,#N/A,#N/A
223,0,0,52.75,#N/A,0,#N/A
149,0,0,39.80555556,0,#N/A,#N/A
224,2,0,54.05555556,#N/A,0,#N/A
327,0,0,44.13888889,0,#N/A,#N/A
6,0,0,50,#N/A,0,#N/A
273,1,0,44.33333333,0,#N/A,#N/A
48,0,0,39.61111111,0,#N/A,#N/A
102,1,0,49.44444444,0,#N/A,#N/A
227,0,0,48.19444444,0,#N/A,#N/A
173,0,0,52.25,#N/A,0,#N/A
228,0,0,48.97222222,0,#N/A,#N/A
285,0,0,52,#N/A,0,#N/A
229,0,0,49.02777778,0,#N/A,#N/A
45,0,0,52.41666667,#N/A,0,#N/A
230,0,0,49.05555556,0,#N/A,#N/A
136,0,0,52.44444444,#N/A,0,#N/A
231,0,0,48,0,#N/A,#N/A
46,0,0,48,0,#N/A,#N/A
232,0,0,85,#N/A,0,#N/A
71,0,0,43.5,0,#N/A,#N/A
115,0,0,62.97222222,#N/A,0,#N/A
74,0,0,42.88888889,0,#N/A,#N/A
16,0,0,68,#N/A,0,#N/A
145,0,0,49.05555556,0,#N/A,#N/A
57,0,0,44.41666667,0,#N/A,#N/A
146,0,0,57.30555556,#N/A,0,#N/A
236,0,0,47.58333333,0,#N/A,#N/A
317,0,0,43.25,0,#N/A,#N/A
237,0,0,48.19444444,0,#N/A,#N/A
78,0,0,46.83333333,0,#N/A,#N/A
95,0,0,42.94444444,0,#N/A,#N/A
80,0,0,47.47222222,0,#N/A,#N/A
186,0,0,53.16666667,#N/A,0,#N/A
329,1,0,53.75,#N/A,0,#N/A
240,0,0,68.22222222,#N/A,0,#N/A
272,0,0,43.61111111,0,#N/A,#N/A
241,0,0,63.36111111,#N/A,0,#N/A
89,0,0,39.33333333,0,#N/A,#N/A
155,0,0,50,#N/A,0,#N/A
8,0,0,43.84210526,0,#N/A,#N/A
96,0,0,59.19444444,#N/A,0,#N/A
132,0,0,43.16666667,0,#N/A,#N/A
244,0,0,52.94444444,#N/A,0,#N/A
52,0,0,53.88888889,#N/A,0,#N/A
245,0,0,48.05555556,0,#N/A,#N/A
201,0,0,45,0,#N/A,#N/A
33,0,0,45,0,#N/A,#N/A
284,0,0,53.16666667,#N/A,0,#N/A
169,0,0,43.13888889,0,#N/A,#N/A
53,0,0,50,#N/A,0,#N/A
34,0,0,43.66666667,0,#N/A,#N/A
288,0,0,43.94444444,0,#N/A,#N/A
249,0,0,43.47222222,0,#N/A,#N/A
290,0,0,44.38888889,0,#N/A,#N/A
250,0,0,43.55555556,0,#N/A,#N/A
292,0,0,42.63888889,0,#N/A,#N/A
60,0,0,43.05555556,0,#N/A,#N/A
40,0,0,43.88888889,0,#N/A,#N/A
120,0,0,44.19444444,0,#N/A,#N/A
296,0,0,39.5,0,#N/A,#N/A
26,0,0,54.05555556,#N/A,0,#N/A
207,2,0,53.26315789,#N/A,0,#N/A
121,0,0,43.97222222,0,#N/A,#N/A
300,0,0,52.52777778,#N/A,0,#N/A
190,0,0,45,0,#N/A,#N/A
140,0,0,43.69444444,0,#N/A,#N/A
170,0,0,43.27777778,0,#N/A,#N/A
73,0,0,43.25,0,#N/A,#N/A
98,0,0,55,#N/A,0,#N/A
306,0,0,46.97222222,0,#N/A,#N/A
35,0,0,44.08333333,0,#N/A,#N/A
32,0,0,48.75,0,#N/A,#N/A
125,0,0,50,#N/A,0,#N/A
209,0,0,50,#N/A,0,#N/A
260,0,0,52.02777778,#N/A,0,#N/A
312,0,0,60,#N/A,0,#N/A
261,0,0,50,#N/A,0,#N/A
75,2,0,69.88888889,#N/A,0,#N/A
99,0,0,55,#N/A,0,#N/A
316,0,0,45,0,#N/A,#N/A
263,0,0,43.61111111,0,#N/A,#N/A
23,0,0,43.11111111,0,#N/A,#N/A
264,0,0,39.80555556,0,#N/A,#N/A
41,0,0,43.02777778,0,#N/A,#N/A
36,1,0,58.13888889,#N/A,0,#N/A
322,0,0,52.88888889,#N/A,0,#N/A
66,0,0,39.52777778,0,#N/A,#N/A
324,0,0,47.30555556,0,#N/A,#N/A
194,0,0,63.16666667,#N/A,0,#N/A
326,0,0,44.11111111,0,#N/A,#N/A
268,0,0,47.58333333,0,#N/A,#N/A
328,0,0,43.86111111,0,#N/A,#N/A
43,0,0,43.88888889,0,#N/A,#N/A
178,0,0,43.30555556,0,#N/A,#N/A
270,0,0,50,#N/A,0,#N/A
37,2,0,48.61111111,0,#N/A,#N/A
177,0,0,43.41666667,0,#N/A,#N/A
619,0,0,45,0,#N/A,#N/A
683,0,0,44.58333333,0,#N/A,#N/A
651,0,0,53.05263158,#N/A,0,#N/A
354,0,0,47.63888889,0,#N/A,#N/A
421,0,0,47.62857143,0,#N/A,#N/A
393,0,0,43.42857143,0,#N/A,#N/A
635,0,0,40,0,#N/A,#N/A
495,0,0,66.84848485,#N/A,0,#N/A
667,0,0,45,0,#N/A,#N/A
378,0,0,47.44444444,0,#N/A,#N/A
700,0,0,40,0,#N/A,#N/A
433,0,0,45,0,#N/A,#N/A
611,0,0,44.82608696,0,#N/A,#N/A
434,0,0,49.05714286,0,#N/A,#N/A
627,0,0,50.94736842,#N/A,0,#N/A
499,0,0,43.4,0,#N/A,#N/A
643,0,0,45,0,#N/A,#N/A
395,2,0,46.74285714,0,#N/A,#N/A
659,0,0,45,0,#N/A,#N/A
436,0,0,55.85714286,#N/A,0,#N/A
675,0,0,40,0,#N/A,#N/A
502,0,0,52.75,#N/A,0,#N/A
691,0,0,45,0,#N/A,#N/A
503,0,0,40,0,#N/A,#N/A
599,0,0,45,0,#N/A,#N/A
379,0,0,44.19444444,0,#N/A,#N/A
607,0,0,45,0,#N/A,#N/A
505,0,0,47.80555556,0,#N/A,#N/A
615,0,0,40,0,#N/A,#N/A
397,0,0,52.14285714,#N/A,0,#N/A
623,0,0,40,0,#N/A,#N/A
439,0,0,64.08571429,#N/A,0,#N/A
631,0,0,45,0,#N/A,#N/A
440,0,0,61.4,#N/A,0,#N/A
639,0,0,40,0,#N/A,#N/A
380,0,0,39.44444444,0,#N/A,#N/A
647,0,0,55,#N/A,0,#N/A
399,0,0,47.37142857,0,#N/A,#N/A
655,0,0,45,0,#N/A,#N/A
511,0,0,43.36111111,0,#N/A,#N/A
663,0,0,45,0,#N/A,#N/A
381,0,0,46.69444444,0,#N/A,#N/A
671,0,0,45,0,#N/A,#N/A
444,0,0,55,#N/A,0,#N/A
679,0,0,40,0,#N/A,#N/A
401,0,0,47.51428571,0,#N/A,#N/A
687,0,0,45,0,#N/A,#N/A
515,0,0,47.91666667,0,#N/A,#N/A
427,0,0,46.42857143,0,#N/A,#N/A
446,0,0,51.91428571,#N/A,0,#N/A
480,0,0,47.19444444,0,#N/A,#N/A
447,0,0,55,#N/A,0,#N/A
601,0,0,45,0,#N/A,#N/A
518,0,0,43.79411765,0,#N/A,#N/A
605,0,0,45,0,#N/A,#N/A
519,0,0,38.78378378,0,#N/A,#N/A
609,0,0,45,0,#N/A,#N/A
520,0,0,39.37837838,0,#N/A,#N/A
613,0,0,45,0,#N/A,#N/A
521,0,0,39.22857143,0,#N/A,#N/A
617,0,0,40,0,#N/A,#N/A
522,0,0,40,0,#N/A,#N/A
621,0,0,45,0,#N/A,#N/A
382,0,0,54.19444444,#N/A,0,#N/A
625,0,0,40,0,#N/A,#N/A
403,1,0,69.02857143,#N/A,0,#N/A
629,0,0,39.84210526,0,#N/A,#N/A
701,0,0,45,0,#N/A,#N/A
633,0,0,45,0,#N/A,#N/A
404,0,0,44.2,0,#N/A,#N/A
637,0,0,40,0,#N/A,#N/A
527,0,0,40,0,#N/A,#N/A
374,0,0,43.36111111,0,#N/A,#N/A
528,0,0,39.72222222,0,#N/A,#N/A
355,0,0,50.25,#N/A,0,#N/A
529,0,0,39.5,0,#N/A,#N/A
649,0,0,40,0,#N/A,#N/A
530,0,0,44.55882353,0,#N/A,#N/A
653,0,0,48.71428571,0,#N/A,#N/A
531,1,0,57.24242424,#N/A,0,#N/A
657,0,0,45,0,#N/A,#N/A
532,0,0,40,0,#N/A,#N/A
661,0,0,44.35714286,0,#N/A,#N/A
533,0,0,43.57142857,0,#N/A,#N/A
426,0,0,43.54285714,0,#N/A,#N/A
534,0,0,40,0,#N/A,#N/A
669,0,0,40,0,#N/A,#N/A
535,0,0,44.86486486,0,#N/A,#N/A
673,0,0,45,0,#N/A,#N/A
536,0,0,39.81081081,0,#N/A,#N/A
677,0,0,40,0,#N/A,#N/A
537,0,0,45,0,#N/A,#N/A
681,0,0,40,0,#N/A,#N/A
538,0,0,44.34210526,0,#N/A,#N/A
685,0,0,40,0,#N/A,#N/A
539,0,0,43.73684211,0,#N/A,#N/A
689,0,0,45,0,#N/A,#N/A
371,0,0,43.38888889,0,#N/A,#N/A
693,0,0,44.75,0,#N/A,#N/A
541,0,0,57.9375,#N/A,0,#N/A
697,0,0,40,0,#N/A,#N/A
406,0,0,43.22857143,0,#N/A,#N/A
596,0,0,45,0,#N/A,#N/A
453,0,0,43.61111111,0,#N/A,#N/A
598,0,0,40,0,#N/A,#N/A
407,0,0,43.28571429,0,#N/A,#N/A
600,0,0,39.82142857,0,#N/A,#N/A
545,0,0,44.26470588,0,#N/A,#N/A
602,0,0,45,0,#N/A,#N/A
408,0,0,52.37142857,#N/A,0,#N/A
604,0,0,40,0,#N/A,#N/A
547,0,0,44.57575758,0,#N/A,#N/A
606,0,0,39.7037037,0,#N/A,#N/A
456,0,0,44.08333333,0,#N/A,#N/A
482,0,0,43.37142857,0,#N/A,#N/A
409,0,0,47.57142857,0,#N/A,#N/A
610,0,0,44.91304348,0,#N/A,#N/A
550,0,0,45,0,#N/A,#N/A
612,0,0,44.29166667,0,#N/A,#N/A
551,0,0,45,0,#N/A,#N/A
614,0,0,45,0,#N/A,#N/A
552,0,0,44.32432432,0,#N/A,#N/A
616,0,0,39.38095238,0,#N/A,#N/A
553,0,0,44.47058824,0,#N/A,#N/A
618,0,0,44.3,0,#N/A,#N/A
554,0,0,45,0,#N/A,#N/A
620,0,0,40,0,#N/A,#N/A
555,0,0,49.40625,0,#N/A,#N/A
622,0,0,40,0,#N/A,#N/A
410,0,0,52.68571429,#N/A,0,#N/A
624,0,0,44.25,0,#N/A,#N/A
384,0,0,47.4,0,#N/A,#N/A
626,0,0,59.15789474,#N/A,0,#N/A
460,2,0,82.52777778,#N/A,0,#N/A
628,0,0,50,#N/A,0,#N/A
559,0,0,40,0,#N/A,#N/A
630,0,0,45,0,#N/A,#N/A
385,0,0,47.8,0,#N/A,#N/A
632,0,0,45,0,#N/A,#N/A
462,2,0,54.08333333,#N/A,0,#N/A
634,0,0,45,0,#N/A,#N/A
463,0,0,48.30555556,0,#N/A,#N/A
636,0,0,45,0,#N/A,#N/A
464,0,0,47.30555556,0,#N/A,#N/A
638,0,0,45,0,#N/A,#N/A
564,0,0,69.22580645,#N/A,0,#N/A
640,0,0,54.38461538,#N/A,0,#N/A
565,0,0,45,0,#N/A,#N/A
423,0,0,48.2,0,#N/A,#N/A
413,0,0,47.57142857,0,#N/A,#N/A
644,0,0,45,0,#N/A,#N/A
414,0,0,41.68571429,0,#N/A,#N/A
646,0,0,40,0,#N/A,#N/A
568,2,0,54.6,#N/A,0,#N/A
361,0,0,51.75,#N/A,0,#N/A
467,0,0,39.22222222,0,#N/A,#N/A
650,0,0,44.35294118,0,#N/A,#N/A
415,0,0,51.45714286,#N/A,0,#N/A
487,0,0,48.72222222,0,#N/A,#N/A
416,0,0,48.31428571,0,#N/A,#N/A
488,0,0,43.69444444,0,#N/A,#N/A
372,0,0,54.05555556,#N/A,0,#N/A
656,0,0,45,0,#N/A,#N/A
471,0,0,41.58333333,0,#N/A,#N/A
658,0,0,40,0,#N/A,#N/A
574,0,0,50,#N/A,0,#N/A
660,0,0,40,0,#N/A,#N/A
575,0,0,52.43333333,#N/A,0,#N/A
662,0,0,39.2,0,#N/A,#N/A
472,0,0,44.25,0,#N/A,#N/A
664,0,0,50,#N/A,0,#N/A
387,1,0,57.57142857,#N/A,0,#N/A
666,0,0,45,0,#N/A,#N/A
578,0,0,40,0,#N/A,#N/A
668,0,0,45,0,#N/A,#N/A
579,0,0,49.33333333,0,#N/A,#N/A
670,0,0,44.46153846,0,#N/A,#N/A
580,0,0,40,0,#N/A,#N/A
672,0,0,45,0,#N/A,#N/A
581,0,0,45,0,#N/A,#N/A
674,0,0,40,0,#N/A,#N/A
359,0,0,58.16666667,#N/A,0,#N/A
676,0,0,44.33333333,0,#N/A,#N/A
583,0,0,40,0,#N/A,#N/A
678,0,0,40,0,#N/A,#N/A
475,0,0,43.38888889,0,#N/A,#N/A
680,0,0,45,0,#N/A,#N/A
585,0,0,43.25,0,#N/A,#N/A
682,0,0,40,0,#N/A,#N/A
586,0,0,45,0,#N/A,#N/A
684,0,0,45,0,#N/A,#N/A
476,0,0,48.25,0,#N/A,#N/A
686,0,0,40,0,#N/A,#N/A
477,0,0,50,#N/A,0,#N/A
688,0,0,45,0,#N/A,#N/A
420,0,0,45,0,#N/A,#N/A
690,0,0,40,0,#N/A,#N/A
590,0,0,45,0,#N/A,#N/A
692,0,0,45,0,#N/A,#N/A
591,0,0,45,0,#N/A,#N/A
694,0,0,40,0,#N/A,#N/A
592,0,0,45,0,#N/A,#N/A
696,0,0,45,0,#N/A,#N/A
593,0,0,40,0,#N/A,#N/A
428,0,0,56.97142857,#N/A,0,#N/A
479,0,0,43.19444444,0,#N/A,#N/A
429,0,0,39.74285714,0,#N/A,#N/A
595,0,0,40,0,#N/A,#N/A
525,0,0,42.72972973,0,#N/A,#N/A
208,0,0,40,0,#N/A,#N/A
188,0,0,46.75675676,0,#N/A,#N/A
292,0,0,49.06060606,0,#N/A,#N/A
214,0,0,39.13888889,0,#N/A,#N/A
78,0,0,52.88888889,#N/A,0,#N/A
215,0,0,38.97222222,0,#N/A,#N/A
174,0,0,47.37837838,0,#N/A,#N/A
216,0,0,44.05882353,0,#N/A,#N/A
111,0,0,47.5,0,#N/A,#N/A
84,1,0,50,#N/A,0,#N/A
316,0,0,44.39393939,0,#N/A,#N/A
48,0,0,60,#N/A,0,#N/A
28,0,0,45,0,#N/A,#N/A
49,0,0,59.02777778,#N/A,0,#N/A
348,0,0,43.38888889,0,#N/A,#N/A
220,0,0,44.11764706,0,#N/A,#N/A
288,0,0,47.44736842,0,#N/A,#N/A
2,0,0,48.4,0,#N/A,#N/A
179,0,0,42.56756757,0,#N/A,#N/A
222,0,0,43.32352941,0,#N/A,#N/A
304,0,0,48.21212121,0,#N/A,#N/A
223,0,0,43.70588235,0,#N/A,#N/A
312,0,0,43.39393939,0,#N/A,#N/A
51,0,0,43.30555556,0,#N/A,#N/A
75,0,0,39.19444444,0,#N/A,#N/A
30,0,0,43.33333333,0,#N/A,#N/A
121,0,0,47.41176471,0,#N/A,#N/A
226,2,0,59.08823529,#N/A,0,#N/A
336,0,0,47.27777778,0,#N/A,#N/A
135,0,0,41.77777778,0,#N/A,#N/A
210,0,0,48.19444444,0,#N/A,#N/A
136,0,0,44.30555556,0,#N/A,#N/A
172,0,0,47.2972973,0,#N/A,#N/A
53,0,0,48.25,0,#N/A,#N/A
1,0,0,67.62857143,#N/A,0,#N/A
230,0,0,52,#N/A,0,#N/A
177,0,0,50.72972973,#N/A,0,#N/A
31,0,0,42.63888889,0,#N/A,#N/A
294,0,0,48.24242424,0,#N/A,#N/A
55,0,0,42.89473684,0,#N/A,#N/A
180,0,0,47.51351351,0,#N/A,#N/A
56,0,0,39.77142857,0,#N/A,#N/A
71,0,0,54.11111111,#N/A,0,#N/A
234,0,0,47.44117647,0,#N/A,#N/A
72,0,0,55,#N/A,0,#N/A
94,0,0,39.18918919,0,#N/A,#N/A
190,0,0,48.2972973,0,#N/A,#N/A
32,0,0,39.5,0,#N/A,#N/A
314,0,0,48.21212121,0,#N/A,#N/A
237,0,0,43.23529412,0,#N/A,#N/A
318,0,0,42.48484848,0,#N/A,#N/A
143,0,0,47.47222222,0,#N/A,#N/A
196,0,0,38.36111111,0,#N/A,#N/A
58,0,0,43.36111111,0,#N/A,#N/A
3,1,0,54.37142857,#N/A,0,#N/A
145,0,0,38.80555556,0,#N/A,#N/A
330,0,0,52.38888889,#N/A,0,#N/A
59,0,0,48.05555556,0,#N/A,#N/A
82,0,0,44.43243243,0,#N/A,#N/A
242,0,0,49.05882353,0,#N/A,#N/A
126,0,0,43.41666667,0,#N/A,#N/A
147,0,0,43.61111111,0,#N/A,#N/A
342,0,0,39.33333333,0,#N/A,#N/A
60,0,0,50,#N/A,0,#N/A
127,0,0,44.30555556,0,#N/A,#N/A
149,0,0,48.5,0,#N/A,#N/A
350,0,0,43.5,0,#N/A,#N/A
99,0,0,40,0,#N/A,#N/A
173,0,0,41.94594595,0,#N/A,#N/A
151,0,0,43.44444444,0,#N/A,#N/A
285,0,0,44.13157895,0,#N/A,#N/A
248,1,0,63.29411765,#N/A,0,#N/A
176,0,0,42.72972973,0,#N/A,#N/A
152,6,0,48.61111111,0,#N/A,#N/A
289,0,0,49.09090909,0,#N/A,#N/A
250,1,0,63.14705882,#N/A,0,#N/A
178,0,0,42.18918919,0,#N/A,#N/A
153,0,0,60,#N/A,0,#N/A
293,0,0,61.57575758,#N/A,0,#N/A
19,0,0,47.28571429,0,#N/A,#N/A
295,0,0,47.93939394,0,#N/A,#N/A
253,1,0,54.20588235,#N/A,0,#N/A
297,0,0,48.48484848,0,#N/A,#N/A
155,10,0,61.08333333,#N/A,0,#N/A
15,2,0,46.83333333,0,#N/A,#N/A
101,0,0,47.11764706,0,#N/A,#N/A
183,0,0,43.45945946,0,#N/A,#N/A
256,0,0,52.05882353,#N/A,0,#N/A
185,0,0,43.27027027,0,#N/A,#N/A
257,0,0,51.41176471,#N/A,0,#N/A
186,0,0,43.40540541,0,#N/A,#N/A
34,0,0,59.05555556,#N/A,0,#N/A
307,0,0,42.75757576,0,#N/A,#N/A
63,0,0,45,0,#N/A,#N/A
189,0,0,46.40540541,0,#N/A,#N/A
260,0,0,52.79411765,#N/A,0,#N/A
73,0,0,44.11111111,0,#N/A,#N/A
261,0,0,52.41176471,#N/A,0,#N/A
192,0,0,43.21621622,0,#N/A,#N/A
262,0,0,44.41666667,0,#N/A,#N/A
7,0,0,50,#N/A,0,#N/A
64,0,0,48.19444444,0,#N/A,#N/A
317,0,0,44.15151515,0,#N/A,#N/A
160,0,0,43.19444444,0,#N/A,#N/A
319,0,0,39.21212121,0,#N/A,#N/A
265,0,0,43.35294118,0,#N/A,#N/A
25,0,0,47.28571429,0,#N/A,#N/A
161,0,0,50,#N/A,0,#N/A
43,0,0,45,0,#N/A,#N/A
267,0,0,45,0,#N/A,#N/A
199,0,0,48.22222222,0,#N/A,#N/A
268,2,0,103.1578947,#N/A,#N/A,0
327,0,0,43.13888889,0,#N/A,#N/A
269,0,0,49.05263158,0,#N/A,#N/A
329,0,0,59.05555556,#N/A,0,#N/A
35,0,0,40,0,#N/A,#N/A
27,0,0,40.77142857,0,#N/A,#N/A
36,0,0,44.05555556,0,#N/A,#N/A
124,0,0,44.05882353,0,#N/A,#N/A
13,1,0,45,0,#N/A,#N/A
335,0,0,43.19444444,0,#N/A,#N/A
21,0,0,51.65714286,#N/A,0,#N/A
337,0,0,48.25,0,#N/A,#N/A
14,0,0,48.17142857,0,#N/A,#N/A
207,0,0,47.47222222,0,#N/A,#N/A
167,0,0,43.5,0,#N/A,#N/A
341,0,0,48.19444444,0,#N/A,#N/A
168,0,0,43.30555556,0,#N/A,#N/A
209,0,0,43.16666667,0,#N/A,#N/A
169,0,0,57.55555556,#N/A,0,#N/A
345,0,0,47.02777778,0,#N/A,#N/A
170,0,0,39.11111111,0,#N/A,#N/A
347,1,0,51.27777778,#N/A,0,#N/A
279,1,0,54.21052632,#N/A,0,#N/A
212,0,0,43.47222222,0,#N/A,#N/A
280,5,0,60,#N/A,0,#N/A
47,0,0,43.30555556,0,#N/A,#N/A
171,0,0,39.62162162,0,#N/A,#N/A
(blank),,,,0,#N/A,#N/A
(blank),,,,0,#N/A,#N/A
